Year,Country,Avg_Temperature_degC,CO2_Emissions_tons_per_capita,Sea_Level_Rise_mm,Rainfall_mm,Population,Renewable_Energy_pct,Extreme_Weather_Events,Forest_Area_pct,Total C02 Emissions (tons),Abv_Avg_Events,Climate,Population Size
2000,'South Africa',26.11428571428571,13.985714285714286,4.6,2762,539231125.0,25.41428571428571,14,32.51428571428571,6794520081.3714285,1,Warm,Medium
2000,Argentina,16.9,3.9,4.0,2047,564877556.0,15.5,11,18.4,2203022468.4,1,Temperate,Medium
2000,Australia,11.933333333333335,10.466666666666667,3.9,2834,831776454.0,25.566666666666666,13,58.13333333333333,6739353441.5,1,Temperate,Medium
2000,Brazil,31.2,14.6,3.7,803,255339962.0,28.3,9,21.7,3727963445.2,0,Warm,Small
2000,Canada,19.3,8.85,3.1,2279,414931290.5,22.75,14,42.1,3219692178.45,1,Temperate,Medium
2000,China,26.2,6.925000000000001,3.3,2090,692054707.5,36.675,13,44.525,4920301015.575,1,Warm,Medium
2000,France,16.6,14.6,3.7,2413,213601955.66666666,32.9,14,49.699999999999996,3893582310.5,1,Temperate,Small
2000,Germany,9.75,5.949999999999999,1.6,2904,926116364.5,32.25,6,42.4,3248190760.15,0,Cold,Medium
2000,India,21.25,12.25,4.7,1687,475745329.25,19.799999999999997,11,37.0,6459149264.475,1,Temperate,Medium
2000,Indonesia,23.585714285714285,13.942857142857141,5.0,2133,646381068.2857143,26.685714285714287,11,38.84285714285714,9003149739.842857,1,Temperate,Medium
2000,Mexico,16.9,4.4,1.4,2370,519457195.0,20.35,13,47.15,2236776434.2,1,Temperate,Medium
2000,Russia,11.0,9.9,5.0,1138,647111170.0,34.95,5,39.65,4018822242.5,0,Temperate,Medium
2000,UK,23.1875,10.9875,4.7,2559,859028389.375,28.125,14,51.2875,9270076943.475,1,Temperate,Medium
2000,USA,15.440000000000001,13.040000000000001,3.6,2681,692542847.8,32.019999999999996,14,38.78,7565301178.440001,1,Temperate,Medium
2001,'South Africa',21.724999999999998,4.5,3.6,2776,921542079.0,32.25,13,33.75,4881597549.099999,1,Temperate,Medium
2001,Argentina,21.975,12.600000000000001,4.7,2813,835770157.25,23.45,12,23.2,11864007902.400002,1,Temperate,Medium
2001,Australia,18.9,9.5,5.0,1962,667315454.0,25.0,12,40.55,5016915005.2,1,Temperate,Medium
2001,Brazil,17.15,11.350000000000001,4.6,1714,623329603.5,20.6,14,44.65,6630522634.1,1,Temperate,Medium
2001,Canada,21.25,13.8,4.0,1944,862518925.5,27.1,3,46.75,11542917055.95,0,Temperate,Medium
2001,China,27.4,19.0,3.9,2416,171927360.0,42.9,12,19.2,3266619840.0,1,Warm,Small
2001,France,27.0,13.3,4.4,2989,1018260723.0,38.5,14,64.6,13542867615.900002,1,Warm,Medium
2001,Germany,21.566666666666666,7.216666666666666,5.0,2378,759926230.3333334,21.366666666666664,14,46.800000000000004,5949851840.7,1,Temperate,Medium
2001,India,15.05,7.9,3.8,2112,458271595.5,18.75,9,25.55,6489348033.6,0,Temperate,Medium
2001,Indonesia,18.7,11.366666666666665,4.5,2412,376860014.3333333,23.7,14,58.6,4284113515.5,1,Temperate,Medium
2001,Japan,26.65,3.8,3.9,1219,673684847.5,10.8,9,51.15,2444744221.15,0,Warm,Medium
2001,Mexico,13.940000000000001,9.66,4.0,2925,523713478.0,23.7,14,38.260000000000005,4501726255.4800005,1,Temperate,Medium
2001,Russia,26.65,7.8,4.8,1707,956417017.5,27.900000000000002,9,43.75,7080331492.5,0,Warm,Medium
2001,UK,16.15,13.25,4.2,2063,488699943.0,30.5,12,51.425000000000004,7653415144.55,1,Temperate,Medium
2001,USA,24.5,19.4,3.6,2041,214534006.0,47.7,10,60.9,4161959716.4,0,Temperate,Small
2002,'South Africa',30.799999999999997,5.6,4.0,2381,260657828.5,28.5,12,37.85,1569283970.6000001,1,Warm,Small
2002,Argentina,20.950000000000003,15.100000000000001,2.6,1325,778623458.5,18.9,10,41.0,11857938225.099998,0,Temperate,Medium
2002,Australia,23.025,8.9,4.0,2519,524479760.25,24.725,13,35.875,6249316557.9,1,Temperate,Medium
2002,Brazil,14.266666666666667,11.066666666666668,3.1,2976,563195666.3333334,36.1,14,29.03333333333333,6881603019.8,1,Temperate,Medium
2002,Canada,22.6,11.65,4.5,2659,669252430.5,25.0875,14,34.2625,7738286273.6,1,Temperate,Medium
2002,France,23.53333333333333,16.733333333333334,4.7,2878,822687215.6666666,21.8,6,38.6,15292677098.833334,0,Temperate,Medium
2002,Germany,15.8,18.85,1.8,2905,883523300.0,27.2,10,46.45,16970045277.9,0,Temperate,Medium
2002,India,21.78333333333333,7.45,5.0,2887,638704319.5,22.7,13,47.46666666666667,4961673286.333333,1,Temperate,Medium
2002,Indonesia,19.3,10.05,4.6,1624,320398832.5,26.825,8,45.525,3330516727.625,0,Temperate,Small
2002,Japan,26.5,11.5,3.2,2623,613197832.3333334,26.033333333333335,11,46.699999999999996,7797165590.333333,1,Warm,Medium
2002,Mexico,11.7,4.6,2.2,2895,202831247.0,48.3,3,62.5,933023736.2,0,Temperate,Small
2002,Russia,24.6,6.7125,4.8,2800,389562243.125,28.275,14,41.1625,2709890097.2375,1,Temperate,Medium
2002,UK,19.8,15.85,3.6,2224,789768220.0,14.45,11,55.7,13171837675.0,1,Temperate,Medium
2002,USA,12.066666666666668,1.9666666666666668,3.9,2493,726304333.3333334,23.8,14,37.63333333333333,1963091653.1333332,1,Temperate,Medium
2003,'South Africa',23.166666666666668,7.766666666666667,2.9,2141,885968412.3333334,24.433333333333334,13,39.266666666666666,5493648738.099999,1,Temperate,Medium
2003,Argentina,10.0,16.5,1.3,626,1211429158.0,21.9,13,17.2,19988581107.0,1,Temperate,Large
2003,Australia,22.400000000000002,13.4,4.3,2830,652846865.3333334,23.766666666666666,5,43.86666666666667,7437576393.766666,0,Temperate,Medium
2003,Brazil,17.45,12.75,4.7,1980,533033990.5,34.65,9,41.25,8519033303.200001,0,Temperate,Medium
2003,Canada,11.6,15.2,1.9,2798,625984226.0,31.8,0,58.3,9514960235.2,0,Temperate,Medium
2003,China,22.02,10.16,4.9,2764,740185242.6,24.04,14,42.3,6580158058.0,1,Temperate,Medium
2003,France,18.766666666666666,9.9,4.2,1319,674678130.6666666,31.433333333333334,14,37.23333333333333,6007737434.033333,1,Temperate,Medium
2003,Germany,30.5,7.7,3.0,2871,1038669571.0,19.4,10,33.5,7997755696.7,0,Warm,Medium
2003,India,11.0,16.0,4.4,1990,158459652.33333334,36.13333333333333,12,33.86666666666667,3007551036.7333336,1,Temperate,Small
2003,Indonesia,12.7,16.0,2.3,2216,770400538.0,43.0,7,52.3,12828976858.8,0,Temperate,Medium
2003,Japan,24.96666666666667,10.833333333333334,4.5,2673,479709476.0,27.46666666666667,11,39.666666666666664,5089731150.900001,1,Temperate,Medium
2003,Mexico,20.4,11.299999999999999,4.1,2222,302193487.6666667,27.700000000000003,12,36.43333333333333,3282055137.8333335,1,Temperate,Small
2003,Russia,16.233333333333334,10.466666666666667,4.9,2271,829650407.3333334,18.366666666666667,12,50.6,7819053084.2,1,Temperate,Medium
2003,UK,9.0,9.5,3.4,1142,589028994.0,16.4,11,22.9,5955916569.799999,1,Cold,Medium
2003,USA,15.949999999999998,8.133333333333333,3.5,2821,858290009.6666666,23.46666666666667,11,34.93333333333333,7288451857.966667,1,Temperate,Medium
2004,'South Africa',24.15,9.7,4.8,1466,748637333.5,17.275,10,54.95,8077791136.799999,0,Temperate,Medium
2004,Argentina,12.600000000000001,5.3,2.0,1416,928702111.5,23.7,1,43.5,5516427778.15,0,Temperate,Medium
2004,Australia,14.62,7.68,3.2,1962,666948750.8,20.8,12,38.96,6111238666.9,1,Temperate,Medium
2004,Brazil,16.4,10.1,3.8,1641,681529141.0,6.6,7,27.7,6883444324.099999,0,Temperate,Medium
2004,Canada,19.85,5.675,4.9,2744,215015307.5,41.325,14,53.175000000000004,1527679821.3500001,1,Temperate,Small
2004,China,21.14,10.9,3.4,2852,332979499.0,36.96,11,31.32,3405353377.76,1,Temperate,Small
2004,France,20.7,10.7,3.5,2321,923109245.5,9.05,11,46.2,8604555688.9,1,Temperate,Medium
2004,Germany,17.075,13.0,4.7,2794,734279667.0,37.0,14,60.0,8199844898.65,1,Temperate,Medium
2004,India,21.2,13.525,4.4,2636,554418694.5,32.625,14,35.15,7876942825.35,1,Temperate,Medium
2004,Indonesia,14.2,11.8,3.7,2817,664034493.8,24.880000000000003,14,51.279999999999994,6319602360.26,1,Temperate,Medium
2004,Japan,13.580000000000002,11.84,4.0,2621,976239642.0,41.54,10,35.739999999999995,12583360702.36,0,Temperate,Medium
2004,Mexico,34.2,9.7,2.6,1096,1177772833.0,11.0,7,40.0,11424396480.099998,0,Warm,Large
2004,Russia,32.0,2.8499999999999996,3.1,2679,719886955.0,28.6,8,37.95,2033436272.2,0,Warm,Medium
2004,UK,15.4,7.966666666666666,3.4,2763,643196659.0,31.233333333333334,8,24.100000000000005,5058478700.666667,0,Temperate,Medium
2004,USA,22.0,13.299999999999999,3.2,2631,1161504021.6666667,35.233333333333334,13,39.0,15988677022.166666,1,Temperate,Large
2005,Argentina,14.283333333333333,9.549999999999999,4.1,2660,866439171.1666666,21.283333333333335,12,39.86666666666667,7480240508.233334,1,Temperate,Medium
2005,Australia,34.4,4.0,4.8,2014,748486965.0,15.6,9,67.1,2993947860.0,0,Warm,Medium
2005,Brazil,34.4,5.0,3.7,2132,104922177.0,29.3,3,46.9,524610885.0,0,Warm,Small
2005,Canada,16.185714285714287,7.785714285714286,4.8,2872,891024638.8571428,25.2,14,44.1,6765282692.985715,1,Temperate,Medium
2005,France,29.7,18.6,2.5,1501,1030270792.0,21.5,11,63.4,19163036731.2,1,Warm,Medium
2005,Germany,27.266666666666666,11.066666666666668,4.0,2297,1223339775.6666667,18.733333333333334,11,50.36666666666667,14258091653.199999,1,Warm,Large
2005,India,21.45,8.75,4.2,1959,576524537.875,26.525,13,45.1875,6191408191.9875,1,Temperate,Medium
2005,Indonesia,18.8,3.4499999999999997,4.3,654,552297077.5,15.0,14,36.95,1560191260.3500001,1,Temperate,Medium
2005,Japan,10.7,15.7,1.1,629,1328981569.0,27.6,14,16.3,20865010633.3,1,Temperate,Large
2005,Mexico,7.2,5.2,1.1,1692,1128035409.0,33.3,8,30.0,5865784126.8,0,Cold,Large
2005,Russia,15.55,1.6,3.6,2660,914440976.0,43.3,14,38.7,1678227410.6000001,1,Temperate,Medium
2005,UK,19.366666666666667,10.1,4.2,2579,501254289.3333333,26.666666666666668,11,18.0,6909056672.866666,1,Temperate,Medium
2005,USA,27.1,12.0,2.5,622,1152039496.0,17.9,13,17.7,13824473952.0,1,Warm,Large
2006,'South Africa',9.05,13.75,4.1,2794,232215457.0,25.049999999999997,9,40.0,3388981744.25,0,Cold,Small
2006,Argentina,22.75,12.075000000000001,4.6,2272,759524025.0,34.125,13,46.875,9016224513.800001,1,Temperate,Medium
2006,Australia,20.4,1.8,3.6,773,174232548.0,39.6,0,26.3,313618586.40000004,0,Temperate,Small
2006,Brazil,22.233333333333334,11.733333333333333,3.8,2815,769149289.0,30.633333333333336,12,41.666666666666664,12732291863.666666,1,Temperate,Medium
2006,Canada,16.633333333333333,8.5,3.6,2249,879102652.0,33.7,14,42.266666666666666,8083272841.599999,1,Temperate,Medium
2006,China,11.5,10.5,3.8,2865,978299365.5,20.2,10,58.5,10344742098.05,0,Temperate,Medium
2006,France,16.400000000000002,15.4,3.8,2138,899768321.3333334,37.03333333333333,8,20.933333333333334,13990884013.366667,0,Temperate,Medium
2006,Germany,25.0,7.9,4.6,1605,703458181.0,19.2,1,22.6,5557319629.900001,0,Warm,Medium
2006,India,16.4,5.4,3.7,2452,30380783.0,31.8,11,22.6,164056228.20000002,1,Temperate,Small
2006,Indonesia,20.7,8.825000000000001,4.9,2483,793988826.75,32.95,14,43.125,6687070316.25,1,Temperate,Medium
2006,Japan,27.6,14.4,4.8,2726,63232362.0,26.2,9,12.9,910546012.8,0,Warm,Small
2006,Mexico,20.55,3.4000000000000004,4.1,1862,1163003844.0,22.450000000000003,7,43.4,3910481304.3,0,Temperate,Large
2006,Russia,24.333333333333332,6.466666666666666,3.3,2222,951813428.6666666,23.133333333333336,14,27.066666666666666,5722749011.599999,1,Temperate,Medium
2006,UK,16.375,11.925,4.4,2206,544496605.25,24.375,14,42.975,6693208811.55,1,Temperate,Medium
2006,USA,24.54,13.4,3.8,2914,814080298.0,30.68,12,58.3,12267344497.2,1,Temperate,Medium
2007,'South Africa',17.1,10.8,1.2,1598,1245372198.0,21.2,7,62.9,13450019738.400002,0,Temperate,Large
2007,Argentina,7.7,19.9,1.6,918,203114192.0,16.9,10,58.7,4041972420.8,0,Cold,Small
2007,Brazil,25.3,19.9,2.3,2051,196111561.0,39.9,3,24.0,3902620063.9,0,Warm,Small
2007,Canada,29.4,10.1,4.0,1388,274322712.0,18.75,12,47.3,3693800252.7999997,1,Warm,Small
2007,China,11.5,8.633333333333333,3.7,2251,481125480.6666667,25.866666666666664,12,39.86666666666667,1643646160.0666666,1,Temperate,Medium
2007,France,27.166666666666668,9.9,4.1,2438,640646322.3333334,28.0,12,66.03333333333333,8924567574.833334,1,Warm,Medium
2007,Germany,20.057142857142857,8.585714285714285,4.3,2906,559247753.1428572,26.67142857142857,13,38.271428571428565,6756096899.7,1,Temperate,Medium
2007,India,29.333333333333332,11.666666666666666,2.2,2077,716546880.6666666,23.866666666666664,14,26.866666666666664,7914538791.866666,1,Warm,Medium
2007,Indonesia,19.942857142857143,13.0,3.8,2937,759156740.7142857,17.957142857142856,12,34.98571428571429,9078697637.085714,1,Temperate,Medium
2007,Japan,15.4,1.3,4.3,921,194923647.0,31.5,3,45.1,253400741.1,0,Temperate,Small
2007,Mexico,8.6,4.1,1.9,880,1275080026.0,21.5,2,43.6,5227828106.599999,0,Cold,Large
2007,Russia,24.2,9.98,4.4,2807,855377427.4,30.360000000000003,14,57.660000000000004,8922340414.92,1,Temperate,Medium
2007,UK,12.05,9.8,3.7,1678,1078034288.0,43.3,10,43.0,11528876883.1,0,Temperate,Large
2007,USA,20.166666666666668,8.666666666666666,4.3,2539,483789758.6666667,7.433333333333334,14,24.400000000000002,5724910726.766666,1,Temperate,Medium
2008,'South Africa',8.2,0.8,4.2,1061,748997300.0,30.1,6,68.3,599197840.0,0,Cold,Medium
2008,Argentina,20.759999999999998,8.8,4.8,2386,955282066.0,36.3,14,36.239999999999995,6777272364.86,1,Temperate,Medium
2008,Australia,19.200000000000003,8.5,3.2,2484,1224480892.5,32.6,14,37.7,9899143186.4,1,Temperate,Large
2008,Brazil,20.6,8.86,4.5,2489,502293315.6,30.46,13,53.720000000000006,5208327280.280001,1,Temperate,Medium
2008,Canada,14.633333333333333,13.666666666666666,3.9,2999,317765794.0,17.2,14,34.8,4372439276.166667,1,Temperate,Small
2008,China,34.8,19.8,2.8,904,1119409767.0,20.2,9,53.5,22164313386.6,0,Warm,Large
2008,France,13.0,14.066666666666668,2.7,2851,228496119.66666666,34.9,13,58.46666666666667,3728604871.1333337,1,Temperate,Small
2008,Germany,28.1,3.7,1.4,2223,333786819.0,10.7,9,66.0,1235011230.3,0,Warm,Small
2008,India,16.3,18.7,4.8,2141,281361562.0,47.8,2,30.2,5261461209.4,0,Temperate,Small
2008,Indonesia,15.75,7.4,1.7,1473,376533533.0,38.400000000000006,11,45.25,2900294379.2,1,Temperate,Medium
2008,Japan,16.55,9.9,4.7,2334,452369020.0,23.0,13,31.799999999999997,2879446890.15,1,Temperate,Medium
2008,Mexico,25.1,4.6,2.4,2894,237078466.0,7.8,5,53.1,1090560943.6,0,Warm,Small
2008,Russia,21.900000000000002,10.883333333333333,4.5,2769,936358385.8333334,26.316666666666666,14,36.516666666666666,10500030633.183332,1,Temperate,Medium
2008,USA,19.5,17.7,2.5,1419,1140062010.0,20.1,0,35.9,20179097577.0,0,Temperate,Large
2009,'South Africa',22.599999999999998,12.6,2.2,2834,485829785.3333333,11.466666666666667,10,56.23333333333333,6644856495.400001,0,Temperate,Medium
2009,Argentina,17.766666666666666,6.933333333333334,4.7,2634,728025145.0,22.733333333333334,14,46.06666666666666,4022969719.883333,1,Temperate,Medium
2009,Brazil,31.5,9.3,3.6,1149,172465953.0,23.7,9,15.4,1603933362.9,0,Warm,Small
2009,Canada,24.1,15.3,3.2,557,915322799.0,49.4,8,43.6,14004438824.7,0,Temperate,Medium
2009,France,8.4,17.9,1.6,839,619079995.0,39.3,5,57.1,11081531910.5,0,Cold,Medium
2009,Germany,18.633333333333333,8.0,3.7,2592,968925346.6666666,30.566666666666666,13,43.86666666666667,9697657143.216665,1,Temperate,Medium
2009,India,23.25,11.4,4.6,2730,731355143.0,14.55,6,56.099999999999994,7469363588.200001,0,Temperate,Medium
2009,Indonesia,17.55,14.1,1.6,2994,690229827.5,38.2,14,54.1,12607422210.15,1,Temperate,Medium
2009,Japan,34.25,11.4,3.8,1598,114498662.0,37.45,6,19.25,1218048900.2,0,Warm,Small
2009,Mexico,25.5,2.5,3.6,2723,144553139.0,30.0,5,66.3,361382847.5,0,Warm,Small
2009,Russia,26.05,12.8,4.6,1689,1034046318.5,14.299999999999999,14,50.25,13192567088.2,1,Warm,Medium
2009,UK,15.35,14.1,2.7,1401,762789216.5,20.7,7,45.75,10885981380.449999,0,Temperate,Medium
2009,USA,10.625,10.5,4.6,2064,778748288.25,26.8,4,30.025,8495177645.700001,0,Temperate,Medium
2010,'South Africa',12.75,11.45,3.6,2137,1157809002.0,12.25,10,29.2,13040139462.0,0,Temperate,Large
2010,Argentina,15.2,7.7,3.2,1892,634993236.0,19.3,7,42.5,2324857493.5,0,Temperate,Medium
2010,Australia,21.833333333333332,3.966666666666667,4.5,2599,791472737.3333334,20.533333333333335,7,43.26666666666667,4117042090.433333,0,Temperate,Medium
2010,Brazil,16.419999999999998,12.26,5.0,2329,774635388.0,21.64,12,37.18,8656924098.66,1,Temperate,Medium
2010,Canada,5.5,13.7,4.8,2145,72556185.0,44.3,9,52.4,994019734.5,0,Cold,Small
2010,China,18.599999999999998,11.766666666666666,3.5,2915,450149088.0,28.066666666666666,14,62.666666666666664,4876683405.0,1,Temperate,Medium
2010,France,14.0,2.9,2.1,1085,218199220.0,17.1,14,65.9,632777738.0,1,Temperate,Small
2010,Germany,24.9,11.2,1.4,1841,63908951.0,40.7,10,21.9,715780251.1999999,0,Temperate,Small
2010,Indonesia,15.719999999999999,9.24,4.2,2466,802621693.6,22.240000000000002,13,36.760000000000005,6594655823.839999,1,Temperate,Medium
2010,Japan,24.5,12.2,1.7,610,156286200.0,23.2,12,58.6,1906691640.0,1,Temperate,Small
2010,Mexico,24.366666666666664,10.133333333333335,2.9,2561,1284823302.3333333,44.1,9,38.96666666666667,13445349867.199999,0,Temperate,Large
2010,Russia,19.85,11.15,4.9,1796,384067519.5,16.65,3,15.65,4956203007.75,0,Temperate,Medium
2010,UK,19.3,10.5,4.3,891,1297221349.0,22.8,7,49.8,13620824164.5,0,Temperate,Large
2011,'South Africa',17.666666666666668,8.299999999999999,4.2,2568,992536055.0,26.166666666666668,5,43.9,8955338819.466667,0,Temperate,Medium
2011,Australia,18.16,12.08,4.6,2625,932632948.6,34.42,10,40.6,11104131675.52,0,Temperate,Medium
2011,Brazil,22.47142857142857,9.585714285714285,4.6,2579,920252099.7142857,24.385714285714283,14,37.0,9148107573.171429,1,Temperate,Medium
2011,China,17.98,12.040000000000001,4.8,2562,709910008.0,23.44,13,35.839999999999996,7952834354.280001,1,Temperate,Medium
2011,France,21.7,5.2,2.6,1181,1214544133.0,33.1,14,54.4,6315629491.6,1,Temperate,Large
2011,Germany,24.1,17.3,2.1,2854,398407112.0,41.0,3,19.8,6892443037.6,0,Temperate,Medium
2011,India,10.3,4.5,4.8,1530,575572757.0,28.6,0,62.0,2590077406.5,0,Temperate,Medium
2011,Indonesia,13.766666666666667,10.366666666666667,3.8,2881,1161008934.3333333,26.53333333333333,9,47.800000000000004,12085485809.233332,0,Temperate,Large
2011,Japan,18.666666666666668,12.700000000000001,3.3,2814,832151942.0,21.8,14,41.1,11928279494.1,1,Temperate,Medium
2011,Mexico,17.4,10.78,4.5,2976,907518087.8,20.18,11,39.14,9683860890.2,1,Temperate,Medium
2011,Russia,14.725,5.175000000000001,4.7,2829,706351718.0,29.275,12,47.75,4140204557.675,1,Temperate,Medium
2011,UK,19.45,5.65,4.1,2663,454352788.25,29.849999999999998,11,47.075,3415851011.075,1,Temperate,Medium
2011,USA,30.8,12.8,2.6,1116,562758301.5,36.650000000000006,9,27.450000000000003,7178128050.049999,0,Warm,Medium
2012,'South Africa',20.64,9.559999999999999,5.0,2885,640320734.4,19.18,14,37.22,5506657190.82,1,Temperate,Medium
2012,Argentina,20.950000000000003,8.35,3.8,678,688300017.5,21.45,12,16.85,7506003712.4,1,Temperate,Medium
2012,Australia,17.05,4.6499999999999995,4.3,2784,704103146.0,25.200000000000003,12,57.05,4189073051.7999997,1,Temperate,Medium
2012,Brazil,22.5,11.600000000000001,3.1,2459,570872848.3333334,47.56666666666666,13,27.03333333333333,5643909040.433333,1,Temperate,Medium
2012,Canada,17.380000000000003,10.559999999999999,4.6,2435,596571825.2,21.2,14,43.14,4336264395.26,1,Temperate,Medium
2012,China,19.966666666666665,15.633333333333333,4.1,2701,573194554.3333334,44.300000000000004,11,54.1,9598226284.333334,1,Temperate,Medium
2012,France,14.7,7.7,4.8,2122,735205326.2,21.28,14,33.739999999999995,7607253467.339999,1,Temperate,Medium
2012,Germany,21.2,10.100000000000001,3.1,1684,824033042.0,28.900000000000002,13,41.85,8550020818.6,1,Temperate,Medium
2012,India,12.5,10.6,4.9,2011,745107333.0,33.766666666666666,13,36.4,8429067378.466667,1,Temperate,Medium
2012,Indonesia,14.700000000000001,10.75,2.7,1817,1250899821.0,24.3,9,18.25,13751371164.2,0,Temperate,Large
2012,Japan,10.55,18.25,4.6,1903,916828451.0,16.95,6,26.4,16689767830.8,0,Temperate,Medium
2012,Mexico,17.5,14.5,4.4,2708,200605956.0,27.85,7,42.3,3205699208.3999996,0,Temperate,Small
2012,Russia,17.4,8.1,4.3,2806,1085609772.0,41.5,2,22.8,8793439153.199999,0,Temperate,Large
2012,UK,15.4,6.95,2.4,2543,820208263.5,34.0,14,64.75,6227520968.25,1,Temperate,Medium
2012,USA,19.099999999999998,13.033333333333333,3.8,2626,610799441.0,26.866666666666664,14,41.56666666666666,7355019419.7,1,Temperate,Medium
2013,'South Africa',20.2,10.4,1.8,1047,751337219.3333334,16.333333333333332,9,50.76666666666667,8305076387.8,0,Temperate,Medium
2013,Argentina,27.32,9.120000000000001,5.0,2881,909123895.4,24.720000000000002,14,30.9,7941873632.179998,1,Warm,Medium
2013,Brazil,23.233333333333334,14.566666666666668,4.6,2353,564851910.6666666,22.766666666666666,13,43.63333333333333,8321226797.733333,1,Temperate,Medium
2013,Canada,12.916666666666666,14.700000000000001,4.6,2580,794879756.8333334,23.86666666666667,14,40.5,12344609153.216667,1,Temperate,Medium
2013,China,14.4,1.5,4.2,1359,709386257.0,18.6,13,12.9,1064079385.5,1,Temperate,Medium
2013,France,14.866666666666665,11.633333333333333,4.7,2039,576593830.0,36.56666666666667,13,28.566666666666663,6965948626.533333,1,Temperate,Medium
2013,Germany,17.9,4.8,4.6,1198,226407206.0,19.4,13,17.7,1086754588.8,1,Temperate,Small
2013,India,21.65,14.5,2.7,1404,965418807.5,45.75,8,26.65,14360122317.599998,0,Temperate,Medium
2013,Mexico,19.9,4.6,1.8,2656,411130449.5,31.2,14,55.25,1612315483.15,1,Temperate,Medium
2013,Russia,14.75,10.575,4.2,2796,362727117.25,28.35,14,30.475,3954638599.575,1,Temperate,Medium
2013,USA,20.3,14.8,3.2,886,202353097.0,17.6,12,29.0,2994825835.6000004,1,Temperate,Small
2014,'South Africa',17.433333333333334,9.85,4.8,2560,600011214.3333334,22.383333333333336,13,34.68333333333333,7185061660.533333,1,Temperate,Medium
2014,Argentina,26.366666666666664,14.533333333333333,4.2,2618,815849504.3333334,14.899999999999999,6,51.36666666666667,13375805637.199999,0,Warm,Medium
2014,Australia,27.2,2.0,3.9,589,761742932.0,34.8,14,37.2,1523485864.0,1,Warm,Medium
2014,Brazil,24.075,10.325,3.5,2440,673227342.5,29.25,11,41.275,8013997517.825,1,Temperate,Medium
2014,Canada,27.6,11.3,4.1,2839,995009297.5,42.55,10,56.900000000000006,11330333395.949999,0,Warm,Medium
2014,China,7.6,10.2,3.2,577,316387268.0,10.1,1,12.0,3227150133.6,0,Cold,Small
2014,France,23.942857142857143,8.77142857142857,4.7,2933,618405148.0,25.642857142857142,14,28.099999999999998,5432351203.257143,1,Temperate,Medium
2014,Germany,21.7,17.7,2.9,688,598463676.0,48.6,10,50.4,10592807065.2,0,Temperate,Medium
2014,India,24.7,11.35,4.2,2263,826281791.5,37.2,10,19.35,9868265121.55,0,Temperate,Medium
2014,Indonesia,12.725,10.825,3.4,2849,821554077.5,36.4,9,26.950000000000003,9878093314.75,0,Temperate,Medium
2014,Japan,23.2,11.325,4.9,2852,948045820.75,26.25,13,36.9,11295951157.0,1,Temperate,Medium
2014,Mexico,27.46666666666667,16.5,4.6,2203,516234719.6666667,29.433333333333334,11,57.06666666666666,8765753402.233334,1,Warm,Medium
2014,Russia,9.4,9.7,4.5,1446,513004938.0,24.0,5,51.4,4976147898.599999,0,Cold,Medium
2014,UK,16.75,15.725,2.7,1799,995875536.5,30.075,13,35.650000000000006,15778833932.55,1,Temperate,Medium
2014,USA,5.5,10.7,3.2,1015,560097732.0,42.2,2,50.4,5993045732.4,0,Cold,Medium
2015,'South Africa',23.975,8.2,4.5,2744,740386842.25,24.674999999999997,13,43.625,5384285489.474999,1,Temperate,Medium
2015,Argentina,20.7,12.8,4.3,2761,455823356.0,50.0,3,19.4,5834538956.8,0,Temperate,Medium
2015,Australia,6.2,1.5,3.2,2271,428326345.0,49.8,6,17.0,642489517.5,0,Cold,Medium
2015,Brazil,17.75,14.3,4.5,2017,1069665487.5,13.7,7,39.65,16116236771.1,0,Temperate,Medium
2015,Canada,25.4,4.5,4.6,2286,646048990.0,10.9,11,46.7,2907220455.0,1,Warm,Medium
2015,China,19.766666666666666,15.033333333333333,3.4,1969,717339050.0,18.53333333333333,14,55.199999999999996,11375810698.966665,1,Temperate,Medium
2015,France,21.560000000000002,8.3,4.7,2527,913213256.4,26.580000000000002,13,31.279999999999994,6870282758.780001,1,Temperate,Medium
2015,Germany,18.833333333333332,5.033333333333334,3.8,2354,393454944.0,43.43333333333334,13,42.73333333333333,728309424.8666667,1,Temperate,Medium
2015,India,15.65,7.1,4.8,1493,892121368.5,37.2,13,54.85,6767750227.1,1,Temperate,Medium
2015,Indonesia,22.166666666666668,6.033333333333334,3.4,1978,736418344.3333334,41.300000000000004,14,49.800000000000004,5542502370.933333,1,Temperate,Medium
2015,Japan,23.200000000000003,12.100000000000001,4.3,2235,320918203.5,24.75,12,37.8,3181962118.8500004,1,Temperate,Small
2015,Mexico,13.45,12.149999999999999,4.1,1840,650162904.0,41.05,10,61.7,7855784916.0,0,Temperate,Medium
2015,Russia,21.849999999999998,12.733333333333334,4.7,2891,387339941.1666667,37.983333333333334,9,29.71666666666667,4765922983.299999,0,Temperate,Medium
2015,UK,7.3,15.1,2.9,1034,628479992.0,40.7,7,11.2,9490047879.2,0,Cold,Medium
2015,USA,19.942857142857143,8.785714285714286,4.8,2382,512316859.71428573,23.942857142857143,13,41.357142857142854,3532831051.157143,1,Temperate,Medium
2016,'South Africa',19.14,7.42,4.3,2771,741285708.2,25.04,13,47.56,6136904434.379999,1,Temperate,Medium
2016,Argentina,14.2,12.399999999999999,5.0,1819,874105140.0,25.5,3,48.05,12898274119.5,0,Temperate,Medium
2016,Australia,21.4,13.475,4.7,1919,687765937.5,26.5,14,35.0,8251739307.875,1,Temperate,Medium
2016,Brazil,24.660000000000004,9.24,4.9,1933,648286561.4,32.66,12,38.779999999999994,7223033619.539999,1,Temperate,Medium
2016,Canada,25.05,7.1,3.7,2972,492501773.75,34.0,3,38.425,3839206572.425,0,Warm,Medium
2016,China,19.825,4.675,3.5,2669,826703127.0,35.9,12,34.95,4205929721.0,1,Temperate,Medium
2016,France,32.6,18.1,4.0,1545,333230308.0,49.5,10,64.8,6031468574.8,0,Warm,Small
2016,Germany,24.1,5.85,4.1,2373,889274114.0,26.7,9,47.5,4896276399.6,0,Temperate,Medium
2016,India,17.275,11.700000000000001,4.1,2436,779693628.25,24.025,13,36.225,9710635177.5,1,Temperate,Medium
2016,Indonesia,19.95,7.975,3.3,2981,473988512.0,16.1,13,35.85,4643410529.775,1,Temperate,Medium
2016,Japan,17.975,17.325,4.8,2524,591327823.25,22.625,14,36.55,9173186316.3,1,Temperate,Medium
2016,Mexico,14.399999999999999,17.35,3.9,1165,1103205715.5,34.45,2,50.599999999999994,18948231362.35,0,Temperate,Large
2016,Russia,22.066666666666666,7.099999999999999,2.8,1403,973168626.0,33.166666666666664,14,38.166666666666664,7326129809.599999,1,Temperate,Medium
2016,UK,22.925,14.95,3.9,2311,1114005604.25,31.775000000000002,10,42.0,17063911128.075,0,Temperate,Large
2016,USA,26.133333333333336,9.200000000000001,4.6,2670,860716648.6666666,25.76666666666667,13,37.13333333333333,7777431652.333333,1,Warm,Medium
2017,'South Africa',21.6,8.450000000000001,3.0,2857,1132794639.5,27.8,5,35.5,11070459789.95,0,Temperate,Large
2017,Australia,26.35,5.15,2.2,1577,751876856.5,10.05,5,37.65,5077690822.6,0,Warm,Medium
2017,Brazil,13.299999999999999,10.133333333333333,4.8,2795,741458331.3333334,23.900000000000002,10,46.300000000000004,5026524427.8,0,Temperate,Medium
2017,Canada,15.5,7.199999999999999,3.5,2458,1267688411.5,30.35,9,60.7,8520777068.65,0,Temperate,Large
2017,China,21.475,9.875,4.4,2868,382156746.25,34.75,13,47.2,4373337706.675,1,Temperate,Medium
2017,France,21.65,4.0,2.9,2684,811481286.5,33.2,3,43.75,4839097389.1,0,Temperate,Medium
2017,Germany,19.35,18.2,3.7,2479,852728211.0,33.35,13,42.699999999999996,15420983403.0,1,Temperate,Medium
2017,India,16.366666666666667,5.3999999999999995,3.6,2677,952925299.3333334,39.766666666666666,12,28.833333333333332,4957660675.599999,1,Temperate,Medium
2017,Japan,19.240000000000002,8.1,4.6,2833,1039657229.4,30.2,12,34.839999999999996,8115965679.839999,1,Temperate,Medium
2017,Mexico,23.175,6.3500000000000005,3.4,2831,1107638387.0,40.475,10,45.975,6993877752.55,0,Temperate,Large
2017,Russia,22.15,7.25,3.6,2060,932986867.0,25.25,10,12.65,7264103246.3,0,Temperate,Medium
2017,UK,6.3,11.0,4.8,886,1193832295.0,23.8,13,35.0,13132155245.0,1,Cold,Large
2018,'South Africa',33.9,6.0,4.5,827,83947380.0,17.7,1,56.6,503684280.0,0,Warm,Small
2018,Argentina,28.96666666666667,14.333333333333334,4.8,2672,531545300.6666667,39.86666666666667,8,43.03333333333333,8143779982.833333,0,Warm,Medium
2018,Australia,18.675,11.7,4.3,1801,1072034224.25,18.6,6,30.725,12391023360.125,0,Temperate,Medium
2018,Brazil,16.3,6.88,4.1,2832,564449890.6,29.0,8,37.1,2665505982.6400003,0,Temperate,Medium
2018,Canada,31.9,7.8,1.9,1531,484242306.0,37.05,10,38.8,2530871293.8,0,Warm,Medium
2018,China,22.28333333333333,9.466666666666667,4.0,2734,534934720.5,27.46666666666667,14,48.23333333333333,5448118027.183333,1,Temperate,Medium
2018,France,22.266666666666666,7.133333333333333,4.6,2620,1028797717.3333334,18.0,11,42.0,7006065566.666667,1,Temperate,Medium
2018,Germany,21.75,10.075,3.5,2342,963730135.75,19.575,9,38.2,10696800233.275002,0,Temperate,Medium
2018,India,29.5,12.533333333333333,4.8,2874,339552402.6666667,30.7,12,31.433333333333334,3428855146.866667,1,Warm,Small
2018,Indonesia,29.1,16.7,1.9,1382,1160732321.0,43.3,10,52.7,19384229760.7,0,Warm,Large
2018,Japan,24.32,11.82,3.6,2995,704014141.8,28.939999999999998,14,51.42,8404627792.62,1,Temperate,Medium
2018,Mexico,21.85,9.25,2.8,2817,330683632.0,21.15,11,33.8,2789717547.8500004,1,Temperate,Small
2018,Russia,19.9,3.3,4.1,1437,1043926792.0,36.95,11,40.5,3321713475.2,1,Temperate,Medium
2018,UK,24.9,15.875,4.1,1709,449763737.5,27.875,12,41.875,6269064480.275,1,Temperate,Medium
2018,USA,18.9,14.1,2.7,1472,922097331.0,9.0,6,48.0,13001572367.1,0,Temperate,Medium
2019,'South Africa',26.8,2.8,1.3,1965,689862289.0,21.7,8,63.7,1931614409.2,0,Warm,Medium
2019,Argentina,19.033333333333335,6.266666666666667,4.7,2949,866661274.6666666,31.599999999999998,10,54.73333333333333,5808683734.266667,0,Temperate,Medium
2019,Australia,19.96,7.359999999999999,4.3,2569,324317574.6,33.12,14,42.18,2684385895.7200003,1,Temperate,Small
2019,Brazil,21.0,19.8,1.5,1519,341217904.0,34.7,5,63.4,6756114499.2,0,Temperate,Small
2019,Canada,25.65,5.25,4.9,2618,1181977638.0,5.65,12,52.2,5299248004.5,1,Warm,Large
2019,China,20.85,14.649999999999999,3.5,2298,372220037.5,21.15,1,52.95,5866054561.999999,0,Temperate,Medium
2019,France,23.53333333333333,15.033333333333333,4.4,2720,582489910.6666666,26.933333333333334,14,48.96666666666667,7753853801.3,1,Temperate,Medium
2019,Germany,8.3,4.5,4.3,2101,567106041.0,41.3,8,29.2,2551977184.5,0,Cold,Medium
2019,India,20.380000000000003,7.68,4.5,2273,928364153.8,19.080000000000002,13,39.84,6198373856.780001,1,Temperate,Medium
2019,Indonesia,12.966666666666667,11.466666666666667,3.0,2653,665927997.3333334,27.5,13,46.73333333333333,8548437606.166668,1,Temperate,Medium
2019,Japan,18.4,9.4,4.2,2053,803220177.5,28.35,14,51.1,7823416297.25,1,Temperate,Medium
2019,Mexico,21.566666666666666,4.533333333333334,4.7,2794,1023693616.3333334,31.433333333333334,11,50.833333333333336,4906111532.933333,1,Temperate,Medium
2019,Russia,12.35,12.95,4.7,2890,562568175.0,31.650000000000002,9,39.1,9457508127.5,0,Temperate,Medium
2019,UK,20.025,17.15,4.4,2402,862072044.75,16.6,13,46.45,15055058686.025002,1,Temperate,Medium
2019,USA,30.8,8.4,4.9,2407,704274155.3333334,26.333333333333332,14,28.066666666666666,5928624668.2,1,Warm,Medium
2020,'South Africa',18.36,10.540000000000001,4.9,2548,542073742.8,24.740000000000002,7,45.6,5979638628.339999,0,Temperate,Medium
2020,Argentina,9.566666666666666,11.233333333333334,4.7,2281,751301180.6666666,31.900000000000002,8,51.199999999999996,6952170136.066667,0,Cold,Medium
2020,Australia,20.35,9.350000000000001,4.8,1852,859997201.0,21.55,8,39.375,6218468298.700001,0,Temperate,Medium
2020,Brazil,23.36,9.7,4.1,2556,1144944834.4,36.92,10,43.480000000000004,10435854415.8,0,Temperate,Large
2020,Canada,33.3,19.4,4.1,2011,117312606.0,36.2,12,15.7,2275864556.4,1,Warm,Small
2020,China,19.22,11.66,4.1,2881,815944910.8,30.78,12,45.4,9357968611.64,1,Temperate,Medium
2020,France,5.1,8.5,4.3,1315,943264951.0,50.0,7,41.3,8017752083.5,0,Cold,Medium
2020,India,9.6,5.7,1.2,795,988849880.0,11.1,8,44.9,5636444316.0,0,Cold,Medium
2020,Indonesia,25.933333333333334,11.6,4.8,2812,485781032.6666667,11.866666666666667,4,26.900000000000002,4952717294.733334,0,Warm,Medium
2020,Japan,19.25,12.4,4.4,1481,566426426.5,39.2,11,25.4,6538518156.950001,1,Temperate,Medium
2020,Mexico,20.2,15.4,2.2,1478,30190953.0,14.3,12,47.9,464940676.2,1,Temperate,Small
2020,Russia,22.114285714285717,6.7,5.0,2407,570778022.4285715,29.042857142857144,12,32.15714285714286,3593926859.214286,1,Temperate,Medium
2020,UK,7.8,12.1,4.9,1541,31063151.0,47.0,11,16.1,375864127.1,1,Cold,Small
2020,USA,14.25,10.6,4.9,2673,777056032.0,21.425,12,53.5,6702772071.5,1,Temperate,Medium
2021,'South Africa',14.066666666666665,7.133333333333333,3.7,2997,754645927.3333334,20.5,10,39.9,4157345506.2000003,0,Temperate,Medium
2021,Argentina,15.933333333333332,9.866666666666667,4.7,2612,429658307.6666667,31.733333333333334,4,25.900000000000002,2622412717.933333,0,Temperate,Medium
2021,Australia,24.9,4.9,4.1,2911,281959311.0,45.8,1,68.3,1381600623.9,0,Temperate,Small
2021,Brazil,27.5,14.6,3.2,2320,552258722.0,14.8,9,59.3,8062977341.2,0,Warm,Medium
2021,Canada,19.200000000000003,13.65,2.0,1949,807954646.0,12.149999999999999,14,11.95,12569950312.35,1,Temperate,Medium
2021,China,20.8,12.566666666666668,4.3,2177,316817780.0,34.13333333333333,13,40.53333333333334,3882250517.9,1,Temperate,Small
2021,France,13.5,10.64,4.8,2644,884897856.0,30.5,11,25.1,9824500009.9,1,Temperate,Medium
2021,Germany,20.049999999999997,11.75,3.9,1731,975487671.0,43.3,7,49.599999999999994,11897701837.2,0,Temperate,Medium
2021,India,17.479999999999997,13.080000000000002,3.1,2910,628542335.6,23.759999999999998,10,51.660000000000004,10019797747.0,0,Temperate,Medium
2021,Indonesia,22.166666666666668,12.033333333333333,4.9,2718,858131546.6666666,25.916666666666668,13,38.31666666666667,10427538046.366667,1,Temperate,Medium
2021,Japan,20.325,7.525,4.3,1712,472206586.25,29.474999999999998,12,34.7,3458376589.9,1,Temperate,Medium
2021,Mexico,32.375,9.125,4.6,2251,746728030.25,25.225,14,38.5,6789798347.925,1,Warm,Medium
2021,Russia,25.5,18.5,4.9,942,1252394217.0,17.9,12,60.2,23169293014.5,1,Warm,Large
2021,UK,15.775,15.75,5.0,2960,631498987.75,29.05,14,59.025,9397433520.325,1,Temperate,Medium
2021,USA,26.45,16.05,3.4,2157,1094679998.0,23.7,7,13.55,17776425124.65,0,Warm,Large
2022,'South Africa',22.424999999999997,12.6,3.8,2779,783238563.75,34.975,14,22.65,10171513123.25,1,Temperate,Medium
2022,Argentina,17.45,9.799999999999999,4.6,1954,821009718.0,19.75,13,27.6,5537860352.499999,1,Temperate,Medium
2022,Australia,18.333333333333332,11.833333333333334,4.4,2548,663524844.0,19.0,13,44.666666666666664,7602402859.5,1,Temperate,Medium
2022,Brazil,18.4,9.5,4.6,1691,302427829.0,30.3,12,36.2,2873064375.5,1,Temperate,Small
2022,Canada,28.7,5.9,2.0,2726,599372628.0,15.9,8,46.0,3536298505.2000003,0,Warm,Medium
2022,China,23.099999999999998,13.266666666666666,4.4,2255,664439282.0,27.7,13,48.5,7471559940.8,1,Temperate,Medium
2022,France,16.15,12.799999999999999,4.4,2412,410684275.5,25.05,9,38.900000000000006,7035305870.499999,0,Temperate,Medium
2022,Germany,19.5,12.360000000000001,3.3,2238,694626882.4,32.6,10,34.04,9434169703.56,0,Temperate,Medium
2022,India,16.633333333333333,12.5,4.1,2010,1020175443.0,28.73333333333333,8,39.76666666666667,12262139705.1,0,Temperate,Medium
2022,Indonesia,15.9,11.5,3.3,980,838390349.0,47.7,3,50.5,9641489013.5,0,Temperate,Medium
2022,Japan,17.580000000000002,10.879999999999999,5.0,2766,803541832.6,28.04,11,38.2,8254847010.320002,1,Temperate,Medium
2022,Mexico,28.2,12.85,3.0,2991,976254560.5,17.05,6,25.1,11010070230.7,0,Warm,Medium
2022,Russia,12.700000000000001,16.466666666666665,3.3,2874,771049628.3333334,19.466666666666665,12,39.4,12852608816.466667,1,Temperate,Medium
2022,UK,19.400000000000002,16.466666666666665,3.3,1966,853986708.6666666,31.433333333333337,13,30.400000000000002,15184445143.800001,1,Temperate,Medium
2022,USA,17.285714285714285,11.242857142857144,4.9,2800,727402663.2857143,23.2,13,39.74285714285714,7782625458.442857,1,Temperate,Medium
2023,'South Africa',19.6,15.0,3.9,1646,947624529.5,38.75,14,32.0,14105141081.25,1,Temperate,Medium
2023,Argentina,20.633333333333333,12.283333333333333,4.9,2930,511798904.8333333,35.916666666666664,14,39.800000000000004,6259533810.783334,1,Temperate,Medium
2023,Australia,11.5,9.2,2.3,1910,1010451727.0,15.5,5,24.4,9296155888.4,0,Temperate,Medium
2023,Brazil,19.35,13.1,4.3,2661,399203792.5,29.6,14,40.4,4919877287.3,1,Temperate,Medium
2023,Canada,20.7,7.900000000000001,5.0,1148,987307952.0,17.133333333333333,12,36.699999999999996,7523801468.0,1,Temperate,Medium
2023,China,21.099999999999998,9.333333333333334,3.8,2520,747871011.3333334,23.73333333333333,13,58.26666666666667,5856737090.866666,1,Temperate,Medium
2023,France,19.75,11.625,4.9,926,758348216.25,34.8,13,29.7,9953904575.099998,1,Temperate,Medium
2023,Germany,21.3,10.9,3.0,2976,703946815.6666666,17.900000000000002,6,47.4,6609580870.400001,0,Temperate,Medium
2023,India,26.9,17.65,2.0,2444,536937978.5,32.55,9,37.900000000000006,9485505846.85,0,Warm,Medium
2023,Indonesia,28.15,12.9,3.8,2736,1098206293.5,17.75,12,20.1,13331929960.35,1,Warm,Large
2023,Japan,24.799999999999997,4.800000000000001,3.2,2135,1064391177.5,18.95,11,51.650000000000006,5078704600.450001,1,Temperate,Medium
2023,Mexico,20.0,9.75,3.7,2963,873525850.0,18.15,3,24.450000000000003,8525034915.549999,0,Temperate,Medium
2023,Russia,30.9,11.4,3.3,979,1012843726.0,27.6,13,60.2,11546418476.4,1,Warm,Medium
2023,UK,30.3,14.3,4.2,2472,923350357.5,24.700000000000003,10,53.349999999999994,13696930039.65,0,Warm,Medium
2023,USA,16.257142857142856,11.242857142857144,4.4,2456,762887666.8571428,26.928571428571427,14,38.41428571428571,9529642090.22857,1,Temperate,Medium
