,Year,Country,Avg_Temperature_degC,CO2_Emissions_tons_per_capita,Sea_Level_Rise_mm,Rainfall_mm,Population,Renewable_Energy_pct,Extreme_Weather_Events,Forest_Area_pct,Population Size,Total C02 Emissions (tons)
0,2006,UK,8.9,9.3,3.1,1441,530911230,20.4,14,59.8,Medium,4937474439.0
1,2019,USA,31.0,4.8,4.2,2407,107364344,49.2,8,31.0,Small,515348851.2
2,2014,France,33.9,2.8,2.2,1241,441101758,33.3,9,35.5,Medium,1235084922.3999999
3,2010,Argentina,5.9,1.8,3.2,1892,1069669579,23.7,7,17.7,Medium,1925405242.2
4,2007,Germany,26.9,5.6,2.4,1743,124079175,12.5,4,17.4,Small,694843380.0
5,2020,China,32.3,1.4,2.7,2100,1202028857,49.4,12,47.2,Large,1682840399.8
6,2006,Argentina,30.7,11.6,3.9,1755,586706107,41.9,10,50.5,Medium,6805790841.2
7,2018,'South Africa',33.9,6.0,4.5,827,83947380,17.7,1,56.6,Small,503684280.0
8,2022,UK,27.8,16.6,1.5,1966,980305187,8.2,4,43.4,Medium,16273066104.2
9,2010,Australia,18.3,1.9,3.5,2599,849496137,7.5,5,48.7,Medium,1614042660.3
10,2010,Indonesia,14.4,4.9,3.3,2466,1345958932,10.4,13,10.8,Large,6595198766.8
11,2023,'South Africa',14.6,14.7,1.5,875,1311714067,31.1,14,19.7,Large,19282196784.899998
12,2020,Brazil,26.7,12.2,1.8,762,1106863791,46.8,0,69.1,Large,13503738250.199999
13,2003,USA,27.4,1.8,2.2,766,798905927,27.4,10,14.6,Medium,1438030668.6000001
14,2007,Germany,11.0,17.6,1.7,2906,1179622755,42.9,3,50.7,Large,20761360488.0
15,2023,India,31.0,17.6,2.0,2444,365927452,25.1,8,20.6,Medium,6440323155.200001
16,2002,Russia,26.4,6.9,2.1,2393,29715260,36.9,1,53.0,Small,205035294.0
17,2021,France,21.9,7.1,2.3,2401,680925261,37.9,4,52.4,Medium,4834569353.099999
18,2020,China,19.1,19.8,4.0,2152,1074542897,12.8,0,24.1,Large,21275949360.600002
19,2001,Canada,21.3,12.7,3.3,1944,1189649940,21.3,3,26.2,Large,15108554238.0
20,2023,France,9.8,10.9,4.9,545,1311466901,33.7,3,49.3,Large,14294989220.9
21,2011,Mexico,11.1,16.8,2.7,1099,250843348,8.2,5,33.4,Small,4214168246.4
22,2005,India,7.7,6.1,4.0,1219,588745515,21.3,9,21.7,Medium,3591347641.5
23,2001,Indonesia,9.6,8.9,4.5,2412,300442653,29.1,8,53.9,Small,2673939611.7000003
24,2020,Russia,18.6,5.7,3.7,1792,11186886,49.8,2,19.2,Small,63765250.2
25,2000,India,20.9,15.9,2.6,1100,1237433800,26.4,8,61.3,Large,19675197420.0
26,2011,Australia,5.5,11.7,4.0,880,966063065,41.7,5,40.9,Medium,11302937860.5
27,2021,USA,28.9,13.3,1.8,617,1019475941,24.4,6,16.3,Medium,13559030015.300001
28,2011,UK,13.8,5.4,2.3,2663,158680885,40.8,11,51.6,Small,856876779.0
29,2016,China,32.4,4.8,3.2,759,1358197397,31.8,9,41.1,Large,6519347505.599999
30,2009,Japan,34.0,10.0,3.3,1598,176809981,44.9,1,27.9,Small,1768099810.0
31,2015,USA,10.6,14.9,1.1,2003,52552633,23.5,10,35.4,Small,783034231.7
32,2014,Japan,18.9,10.7,4.8,2852,214294469,32.2,9,27.9,Small,2292950818.2999997
33,2014,'South Africa',5.0,1.1,3.8,2554,227838160,33.4,13,25.8,Small,250621976.00000003
34,2018,UK,22.9,17.4,3.0,865,531510898,23.8,5,19.8,Medium,9248289625.199999
35,2011,Russia,23.2,1.8,4.7,2157,1034642225,11.5,5,31.8,Medium,1862356005.0
36,2022,Germany,12.4,19.1,2.8,1961,272039781,9.2,1,25.1,Small,5195959817.1
37,2019,Canada,21.8,1.0,4.9,2524,1395185778,5.8,1,51.0,Large,1395185778.0
38,2002,Brazil,11.8,14.0,3.0,2976,367803209,44.3,13,51.0,Medium,5149244926.0
39,2004,Argentina,9.8,2.1,1.5,1290,742981303,15.6,1,40.1,Medium,1560260736.3
40,2018,UK,24.5,18.3,4.1,1246,78354231,14.5,9,56.7,Small,1433882427.3
41,2006,USA,14.8,9.6,3.7,2914,772375173,38.1,11,60.5,Medium,7414801660.8
42,2020,China,22.7,3.2,4.1,812,491426196,19.4,0,44.8,Medium,1572563827.2
43,2008,Argentina,18.0,7.1,4.8,1037,1209391736,27.8,4,47.1,Large,8586681325.599999
44,2006,Mexico,34.5,3.7,4.1,1420,1017231293,12.3,7,27.0,Medium,3763755784.1000004
45,2017,Mexico,9.5,3.8,3.4,1577,1216476753,48.2,1,63.7,Large,4622611661.4
46,2003,India,18.9,19.0,4.4,1990,322675191,43.3,12,11.5,Small,6130828629.0
47,2013,Argentina,25.4,9.2,3.7,2881,1075399963,43.9,14,30.9,Large,9893679659.599998
48,2017,China,16.9,15.9,2.6,1297,456955256,23.3,4,53.3,Medium,7265588570.400001
49,2008,Russia,34.2,13.0,4.5,847,1031018863,39.3,11,14.8,Medium,13403245219.0
50,2020,'South Africa',26.7,13.7,1.9,772,491644777,11.5,7,21.0,Medium,6735533444.9
51,2001,Japan,24.7,3.1,3.9,1219,838339418,5.4,9,45.4,Medium,2598852195.8
52,2019,India,27.7,5.1,4.5,2273,1097734281,5.9,13,43.6,Large,5598444833.099999
53,2014,Mexico,33.6,15.8,3.9,1184,22094509,31.4,4,54.3,Small,349093242.2
54,2006,Brazil,32.2,19.4,3.8,2626,1155260147,25.5,1,58.8,Large,22412046851.8
55,2011,Brazil,26.7,5.6,4.0,1121,267058271,28.3,2,17.7,Small,1495526317.6
56,2007,USA,27.5,5.8,2.9,2539,330887513,5.3,14,11.1,Small,1919147575.3999999
57,2014,Russia,9.4,9.7,4.5,1446,513004938,24.0,5,51.4,Medium,4976147898.599999
58,2002,Germany,8.1,19.7,1.8,2905,1254853974,37.3,10,28.1,Large,24720623287.8
59,2013,Mexico,22.1,5.7,1.5,1006,157599009,24.9,10,47.6,Small,898314351.3000001
60,2016,Indonesia,5.6,8.4,2.1,2082,227533555,37.9,4,19.0,Small,1911281862.0
61,2003,Russia,19.5,17.9,3.1,743,507687964,15.5,10,38.1,Medium,9087614555.599998
62,2017,'South Africa',11.3,0.6,3.0,1005,941922654,41.6,3,40.3,Medium,565153592.4
63,2007,Japan,15.4,1.3,4.3,921,194923647,31.5,3,45.1,Small,253400741.1
64,2003,China,28.3,12.3,2.6,2764,205087750,14.5,4,40.8,Small,2522579325.0
65,2001,Argentina,33.2,18.2,2.9,2372,1078565697,15.7,1,39.7,Large,19629895685.399998
66,2005,Mexico,7.2,5.2,1.1,1692,1128035409,33.3,8,30.0,Large,5865784126.8
67,2021,Argentina,21.0,9.7,2.6,829,432913646,42.3,1,14.3,Medium,4199262366.2
68,2009,Brazil,31.5,9.3,3.6,1149,172465953,23.7,9,15.4,Small,1603933362.9
69,2003,China,7.5,9.7,1.1,1964,502277267,16.6,1,36.0,Medium,4872089489.9
70,2021,China,29.7,12.6,2.1,890,334345649,44.0,9,31.3,Small,4212755177.4
71,2017,China,15.7,9.7,1.8,2019,305543477,35.1,13,41.0,Small,2963771726.8999996
72,2011,Brazil,14.7,9.2,1.2,880,661509073,25.2,8,28.3,Medium,6085883471.599999
73,2001,'South Africa',34.3,9.7,2.9,1241,1356204695,27.0,13,51.3,Large,13155185541.499998
74,2009,Argentina,11.0,12.0,1.7,2510,504454279,14.2,2,61.8,Medium,6053451348.0
75,2003,France,25.8,11.0,4.0,1319,458944956,33.2,14,27.9,Medium,5048394516.0
76,2013,Argentina,29.6,17.2,4.4,1172,994673524,21.1,9,21.6,Medium,17108384612.8
77,2015,Australia,6.2,1.5,3.2,2271,428326345,49.8,6,17.0,Medium,642489517.5
78,2014,Japan,25.1,16.7,4.9,1711,1146020851,26.6,3,47.0,Large,19138548211.7
79,2007,Indonesia,33.5,17.0,2.8,1429,278626073,26.9,12,36.6,Small,4736643241.0
80,2013,France,8.7,6.1,3.1,2039,72414944,30.5,12,21.3,Small,441731158.4
81,2022,Japan,31.9,9.5,5.0,1412,433898990,46.3,5,49.2,Medium,4122040405.0
82,2007,India,22.8,9.1,1.9,1143,1223349324,41.0,13,18.9,Large,11132478848.4
83,2020,Russia,23.5,4.8,4.8,926,863711591,25.3,3,43.3,Medium,4145815636.7999997
84,2015,Russia,23.4,8.2,1.2,1001,74913944,37.3,9,41.6,Small,614294340.8
85,2012,Canada,14.0,1.4,2.8,1229,1225949571,31.4,14,54.1,Large,1716329399.3999999
86,2017,Russia,33.1,5.9,1.3,1783,562654674,27.2,6,13.3,Medium,3319662576.6000004
87,2014,Argentina,33.4,16.4,3.9,2618,796318481,13.7,0,63.3,Medium,13059623088.4
88,2020,Brazil,23.8,6.0,3.4,956,1246729629,25.9,2,52.2,Large,7480377774.0
89,2023,Indonesia,28.5,16.5,3.8,2736,866280953,16.1,12,23.0,Medium,14293635724.5
90,2012,Germany,23.4,10.9,2.5,790,1108141910,46.2,2,21.0,Large,12078746819.0
91,2008,USA,19.5,17.7,2.5,1419,1140062010,20.1,0,35.9,Large,20179097577.0
92,2014,Canada,24.8,11.7,1.2,2839,1211830133,47.9,5,59.1,Large,14178412556.099998
93,2012,UK,21.6,1.1,2.4,2469,730110223,29.0,14,60.6,Medium,803121245.3000001
94,2000,UK,22.9,13.7,4.7,1255,1366969728,33.4,12,41.2,Large,18727485273.6
95,2006,USA,28.5,1.4,2.5,2158,411773643,29.4,10,61.6,Medium,576483100.1999999
96,2008,Japan,19.4,9.3,4.3,2334,242481524,10.8,13,10.3,Small,2255078173.2000003
97,2023,USA,6.2,18.6,4.4,1806,487618104,21.9,8,12.1,Medium,9069696734.400002
98,2000,USA,9.9,3.7,2.5,2067,739358801,9.5,7,64.7,Medium,2735627563.7000003
99,2011,UK,18.2,8.1,3.5,2369,204257967,33.0,10,56.5,Small,1654489532.6999998
100,2007,Canada,26.7,14.7,1.4,876,475005508,25.1,6,37.0,Medium,6982580967.599999
101,2023,India,22.8,17.7,1.4,1679,707948505,40.0,9,55.2,Medium,12530688538.5
102,2010,Argentina,24.5,13.6,1.2,1007,200316893,14.9,7,67.3,Small,2724309744.7999997
103,2018,China,19.4,5.5,3.3,1936,275361525,12.4,5,56.3,Small,1514488387.5
104,2016,Russia,23.5,13.7,2.7,1058,1073643084,23.3,8,60.5,Medium,14708910250.8
105,2007,Russia,14.9,6.3,3.2,2807,1364174738,46.7,2,55.6,Large,8594300849.4
106,2002,Brazil,19.1,14.5,3.1,920,947263298,37.0,14,20.1,Medium,13735317821.0
107,2002,Canada,27.3,19.1,2.4,2052,66735271,23.9,9,60.0,Small,1274643676.1000001
108,2000,Brazil,31.2,14.6,3.7,803,255339962,28.3,9,21.7,Small,3727963445.2
109,2004,Germany,18.0,17.3,4.0,1441,440663289,8.8,8,63.6,Medium,7623474899.700001
110,2009,Germany,6.3,0.5,1.1,1801,64317241,49.3,3,37.5,Small,32158620.5
111,2006,Brazil,9.9,14.5,1.8,1589,1082347326,35.0,6,50.6,Large,15694036227.0
112,2008,Canada,5.6,16.7,3.9,2655,428691595,17.8,14,39.8,Medium,7159149636.5
113,2006,Brazil,24.6,1.3,2.5,2815,69840394,31.4,12,15.6,Small,90792512.2
114,2008,Russia,15.0,17.5,3.6,2769,1046546091,9.9,8,27.4,Medium,18314556592.5
115,2007,France,21.3,5.5,2.4,2327,141991057,48.5,1,69.0,Small,780950813.5
116,2011,Australia,19.8,13.5,2.6,2053,444296725,12.9,1,67.6,Medium,5998005787.5
117,2001,UK,7.4,16.1,1.6,1192,838168075,34.2,8,29.2,Medium,13494506007.500002
118,2000,UK,17.1,13.4,2.0,754,343373633,16.0,11,69.8,Small,4601206682.2
119,2015,Indonesia,11.6,2.3,3.4,1978,46316734,37.3,12,60.7,Small,106528488.19999999
120,2022,USA,17.6,12.1,2.7,2800,787469860,40.0,2,46.7,Medium,9528385306.0
121,2022,Australia,11.1,11.2,4.1,756,325979799,35.3,8,12.4,Small,3650973748.7999997
122,2023,Argentina,30.2,18.1,4.4,2930,542661199,32.7,12,64.1,Medium,9822167701.900002
123,2004,Canada,10.2,8.4,3.2,941,152248022,45.2,14,43.4,Small,1278883384.8
124,2002,'South Africa',33.8,6.8,4.0,2381,351991271,8.5,4,62.1,Medium,2393540642.7999997
125,2011,Australia,17.5,15.1,2.2,1613,1058333501,19.9,5,60.1,Medium,15980835865.1
126,2007,Indonesia,30.4,8.5,2.7,2937,1144952571,16.2,1,60.0,Large,9732096853.5
127,2021,Germany,23.9,13.1,3.9,1081,1298244488,49.5,7,51.9,Large,17007002792.8
128,2002,Japan,27.1,13.1,2.5,2235,690744654,22.5,10,27.5,Medium,9048754967.4
129,2000,USA,28.0,17.8,3.4,518,161376204,38.0,8,30.2,Small,2872496431.2000003
130,2002,Indonesia,20.1,12.2,1.7,1624,639588420,35.8,1,28.5,Medium,7802978724.0
131,2004,China,21.3,10.3,3.4,1880,825442314,14.5,5,11.2,Medium,8502055834.200001
132,2014,'South Africa',20.4,3.2,4.4,2065,942604659,15.8,5,45.0,Medium,3016334908.8
133,2013,Canada,22.6,2.8,4.5,2580,531451276,17.7,7,51.9,Medium,1488063572.8
134,2002,USA,5.9,3.5,3.9,2493,1167300328,23.5,9,61.2,Large,4085551148.0
135,2000,Argentina,16.9,3.9,4.0,2047,564877556,15.5,11,18.4,Medium,2203022468.4
136,2004,Australia,23.2,12.9,3.2,1361,1359133613,5.9,4,42.7,Large,17532823607.7
137,2022,Germany,22.9,14.9,3.3,654,1331115761,44.6,8,10.5,Large,19833624838.9
138,2013,India,28.8,10.8,1.5,1404,867702697,48.5,0,15.7,Medium,9371189127.6
139,2006,France,24.7,16.7,2.8,1769,730089798,20.4,8,13.3,Medium,12192499626.6
140,2008,China,34.8,19.8,2.8,904,1119409767,20.2,9,53.5,Large,22164313386.600002
141,2014,'South Africa',13.5,16.5,4.8,1343,758625247,5.3,6,14.9,Medium,12517316575.5
142,2014,France,15.8,14.1,2.7,2282,1280929698,35.6,3,53.0,Large,18061108741.8
143,2009,USA,16.5,10.9,3.2,2064,1293640510,42.1,2,25.0,Large,14100681559.0
144,2012,Germany,19.0,9.3,3.1,1684,539924174,11.6,13,62.7,Medium,5021294818.200001
145,2018,Germany,30.1,2.1,3.5,1246,791466287,12.2,9,58.8,Medium,1662079202.7
146,2006,Indonesia,12.1,8.3,4.0,2225,666108195,40.6,14,67.5,Medium,5528698018.5
147,2016,UK,28.3,18.2,1.9,770,1102449044,32.7,10,63.0,Large,20064572600.8
148,2019,UK,17.2,16.3,3.1,1269,898807235,7.0,13,66.0,Medium,14650557930.5
149,2003,Australia,23.1,4.7,4.3,2215,970758730,33.0,5,61.5,Medium,4562566031.0
150,2004,Indonesia,24.0,9.6,2.9,2010,841932971,18.9,11,51.6,Medium,8082556521.599999
151,2022,Russia,16.2,16.4,2.1,671,501887577,21.6,12,20.2,Medium,8230956262.799999
152,2006,Australia,20.4,1.8,3.6,773,174232548,39.6,0,26.3,Small,313618586.40000004
153,2012,Russia,17.4,8.1,4.3,2806,1085609772,41.5,2,22.8,Large,8793439153.199999
154,2014,UK,7.1,17.1,1.3,1658,636476204,23.0,1,46.2,Medium,10883743088.400002
155,2010,Indonesia,18.1,8.4,4.1,2206,899066343,47.6,10,40.2,Medium,7552157281.200001
156,2003,Russia,7.9,2.0,4.3,2271,885787660,23.3,12,62.0,Medium,1771575320.0
157,2012,China,17.2,11.1,2.8,921,560862422,39.7,8,67.2,Medium,6225572884.2
158,2006,Indonesia,22.8,17.3,4.9,1944,875175631,26.8,2,34.3,Medium,15140538416.300001
159,2018,UK,22.4,12.0,4.1,1709,1156608764,45.4,12,40.4,Large,13879305168.0
160,2021,Australia,24.9,4.9,4.1,2911,281959311,45.8,1,68.3,Small,1381600623.9
161,2001,Mexico,7.9,8.0,4.0,2925,1326300382,8.9,3,26.6,Large,10610403056.0
162,2009,Indonesia,24.6,9.3,1.6,1079,91233652,47.1,14,57.5,Small,848472963.6
163,2012,India,14.4,11.8,1.9,1390,1366390185,42.1,13,23.5,Large,16123404183.000002
164,2020,'South Africa',17.0,15.3,2.9,1221,148881368,40.6,1,50.9,Small,2277884930.4
165,2005,UK,30.7,2.4,2.1,1380,38697835,14.0,0,25.2,Small,92874804.0
166,2011,Brazil,5.3,17.8,2.7,1621,1361023908,41.2,5,63.0,Large,24226225562.4
167,2011,Brazil,22.7,0.7,4.6,2507,1297261375,43.3,14,43.7,Large,908082962.5
168,2019,Australia,23.0,7.7,4.3,2569,161618848,18.0,9,21.2,Small,1244465129.6000001
169,2010,Australia,16.9,1.0,3.5,1973,373401883,47.9,7,23.5,Medium,373401883.0
170,2022,France,12.1,8.2,4.4,882,24043592,7.2,9,39.6,Small,197157454.39999998
171,2006,'South Africa',12.0,10.8,4.1,2681,165768267,11.7,9,67.7,Small,1790297283.6000001
172,2000,'South Africa',31.5,10.5,2.7,1949,578915635,29.2,1,56.2,Medium,6078614167.5
173,2000,China,18.3,3.7,1.8,2090,521491291,30.9,13,39.3,Medium,1929517776.7
174,2019,Australia,14.9,13.1,3.1,2286,519602850,34.0,8,30.3,Medium,6806797335.0
175,2012,'South Africa',18.5,1.4,3.9,643,575218436,5.8,14,43.0,Medium,805305810.4
176,2008,Argentina,25.1,15.4,2.7,2386,803864353,48.2,12,54.9,Medium,12379511036.2
177,2002,France,9.4,19.0,3.7,2202,1080854924,7.0,2,57.0,Large,20536243556.0
178,2006,Russia,18.5,7.1,1.4,1935,759565231,11.4,7,29.5,Medium,5392913140.099999
179,2005,Germany,22.6,10.6,4.0,723,1345594489,5.6,11,53.3,Large,14263301583.4
180,2007,Germany,33.5,7.9,4.3,719,427187850,30.5,7,49.5,Medium,3374784015.0
181,2008,Russia,12.6,0.6,3.8,678,1184550275,47.0,14,67.5,Large,710730165.0
182,2004,Canada,15.8,8.0,4.9,2154,552912628,35.0,2,65.9,Medium,4423301024.0
183,2000,UK,16.4,15.9,4.3,932,925086342,42.0,2,57.4,Medium,14708872837.800001
184,2018,France,23.2,12.1,4.6,764,863465591,5.6,11,53.4,Medium,10447933651.1
185,2009,Argentina,15.7,2.5,4.7,1453,548470440,29.4,14,26.4,Medium,1371176100.0
186,2011,'South Africa',21.0,17.0,4.2,928,1140524807,25.7,5,60.8,Large,19388921719.0
187,2023,Mexico,28.5,10.9,3.7,2963,880619657,27.5,0,35.7,Medium,9598754261.300001
188,2014,France,26.2,16.9,1.0,2744,140376298,8.2,3,26.3,Small,2372359436.2
189,2021,Indonesia,18.4,11.8,2.9,2077,1280891832,35.8,0,33.0,Large,15114523617.6
190,2023,Russia,30.9,11.4,3.3,979,1012843726,27.6,13,60.2,Medium,11546418476.4
191,2008,Argentina,21.7,2.6,2.2,1853,1025547493,39.4,2,18.9,Medium,2666423481.8
192,2019,India,21.2,3.8,2.3,1389,1333758926,26.8,8,37.4,Large,5068283918.8
193,2016,Japan,6.0,19.5,4.8,1424,274995524,11.7,13,39.5,Small,5362412718.0
194,2016,USA,34.6,5.0,4.6,2670,1041486581,34.2,13,12.2,Medium,5207432905.0
195,2019,UK,8.7,19.6,4.4,2402,1215468402,12.8,4,21.7,Large,23823180679.2
196,2011,Russia,11.9,10.9,2.6,1910,874974281,44.3,11,59.6,Medium,9537219662.9
197,2006,Mexico,6.6,3.1,1.1,1862,1308776395,32.6,4,59.8,Large,4057206824.5
198,2001,'South Africa',24.2,2.4,1.3,1277,614224337,12.1,10,27.5,Medium,1474138408.8
199,2002,Mexico,11.7,4.6,2.2,2895,202831247,48.3,3,62.5,Small,933023736.1999999
200,2016,Mexico,10.4,18.5,1.1,528,935911975,28.3,2,56.3,Medium,17314371537.5
201,2004,Australia,7.7,8.6,1.1,534,1027559585,8.3,4,35.1,Medium,8837012431.0
202,2016,Australia,8.1,8.2,4.7,1919,1297393635,33.2,14,54.9,Large,10638627807.0
203,2023,China,22.5,6.6,3.8,1088,554504868,16.4,13,67.7,Medium,3659732128.7999997
204,2016,Russia,25.6,3.4,2.2,1403,603930696,41.2,10,37.5,Medium,2053364366.3999999
205,2016,China,16.9,10.0,1.5,2669,776918225,41.8,3,24.3,Medium,7769182250.0
206,2001,Russia,19.4,3.0,3.0,839,1035525610,49.1,7,66.5,Medium,3106576830.0
207,2001,UK,25.6,16.8,1.0,674,183851069,27.6,3,46.2,Small,3088697959.2000003
208,2021,France,5.5,7.7,4.8,2423,940617342,25.5,10,16.3,Medium,7242753533.400001
209,2022,USA,14.7,7.8,2.7,2214,660650168,38.9,11,44.4,Medium,5153071310.4
210,2004,Mexico,34.2,9.7,2.6,1096,1177772833,11.0,7,40.0,Large,11424396480.099998
211,2000,UK,22.4,9.2,2.6,950,1101337256,29.6,5,61.3,Large,10132302755.199999
212,2000,France,12.6,19.9,1.3,1056,400673293,29.6,14,41.8,Medium,7973398530.7
213,2018,Japan,20.7,11.1,3.6,1659,465764328,9.0,13,25.3,Medium,5169984040.8
214,2001,Germany,15.3,2.2,3.9,1856,573710142,23.8,11,50.5,Medium,1262162312.4
215,2020,Brazil,21.0,12.3,3.7,2556,1042719729,43.4,10,42.6,Medium,12825452666.7
216,2011,Indonesia,8.8,3.5,1.6,2881,1041970958,43.5,4,24.0,Medium,3646898353.0
217,2005,Argentina,9.0,1.1,3.3,1516,1253813851,9.5,3,44.4,Large,1379195236.1000001
218,2022,Russia,9.3,19.4,3.3,2874,981675241,9.1,3,59.3,Medium,19044499675.399998
219,2003,Japan,33.2,15.6,4.5,2562,252075147,16.8,11,11.7,Small,3932372293.2
220,2022,Germany,27.0,19.6,2.5,1338,990503091,44.4,3,47.9,Medium,19413860583.600002
221,2010,'South Africa',9.9,9.8,2.5,2137,1289186948,10.8,10,31.0,Large,12634032090.400002
222,2023,Canada,10.7,10.9,3.5,725,1243293089,37.4,12,27.6,Large,13551894670.1
223,2016,USA,26.9,3.8,3.5,2313,722640614,9.6,12,33.6,Medium,2746034333.2
224,2005,Argentina,9.7,5.3,2.9,2660,704269727,33.0,8,30.5,Medium,3732629553.1
225,2023,China,12.0,16.9,2.8,2520,508830032,21.0,3,59.9,Medium,8599227540.8
226,2004,China,33.9,7.4,3.0,1951,247496090,40.5,11,26.5,Small,1831471066.0
227,2019,France,12.7,16.6,4.4,2548,358801890,15.5,8,54.0,Medium,5956111374.000001
228,2001,Argentina,24.8,14.3,2.8,2813,332640493,33.8,12,15.6,Small,4756759049.900001
229,2005,Australia,34.4,4.0,4.8,2014,748486965,15.6,9,67.1,Medium,2993947860.0
230,2021,Germany,16.2,10.4,3.0,1731,652730854,37.1,5,47.3,Medium,6788400881.6
231,2010,Canada,5.5,13.7,4.8,2145,72556185,44.3,9,52.4,Small,994019734.5
232,2015,Japan,12.3,5.1,4.3,2235,421082224,10.7,12,27.9,Medium,2147519342.3999996
233,2015,USA,29.9,16.7,2.4,805,708549477,44.0,6,34.7,Medium,11832776265.9
234,2000,UK,30.9,11.1,4.5,2559,1270851030,31.7,11,23.4,Large,14106446433.0
235,2008,Germany,28.1,3.7,1.4,2223,333786819,10.7,9,66.0,Small,1235011230.3
236,2005,Canada,8.4,11.9,4.7,2189,864707568,24.2,2,39.3,Medium,10290020059.2
237,2015,Brazil,28.9,20.0,3.5,2017,1213528698,12.2,7,47.8,Large,24270573960.0
238,2002,Russia,32.6,3.4,1.2,1891,367347075,36.5,2,54.1,Medium,1248980055.0
239,2019,UK,23.0,16.4,3.6,919,20916998,39.1,0,32.3,Small,343038767.2
240,2003,China,33.2,4.5,4.9,2718,1102285590,9.8,12,53.2,Large,4960285155.0
241,2018,UK,29.8,15.8,1.3,633,32581057,27.8,12,50.6,Small,514780700.6
242,2002,Japan,25.0,14.8,3.2,2530,824431639,41.7,9,52.3,Medium,12201588257.2
243,2018,China,22.3,6.4,4.0,1950,563892519,47.1,11,39.4,Medium,3608912121.6000004
244,2019,Japan,15.5,6.9,4.2,2053,693961526,28.1,4,33.0,Medium,4788334529.400001
245,2006,France,9.8,16.0,2.7,1664,1278299069,47.8,1,23.3,Large,20452785104.0
246,2019,Australia,23.1,9.5,1.8,2369,165930526,29.1,9,59.5,Small,1576339997.0
247,2008,Japan,14.5,14.8,1.2,2319,35139374,22.7,13,46.5,Small,520062735.20000005
248,2000,China,31.0,3.4,3.3,1842,1076162478,43.2,5,36.7,Large,3658952425.2
249,2007,France,34.8,17.1,2.8,1964,1335512175,27.2,12,66.6,Large,22837258192.5
250,2006,Japan,27.6,14.4,4.8,2726,63232362,26.2,9,12.9,Small,910546012.8000001
251,2017,Brazil,7.7,18.2,1.2,1579,9355425,27.1,8,61.0,Small,170268735.0
252,2007,UK,13.7,3.1,3.7,1678,934132667,43.1,0,69.9,Medium,2895811267.7000003
253,2000,Australia,8.3,12.1,1.1,2195,353488527,42.4,13,63.2,Medium,4277211176.7
254,2010,Japan,24.5,12.2,1.7,610,156286200,23.2,12,58.6,Small,1906691640.0
255,2017,France,28.0,7.4,2.8,2684,1280061358,20.0,3,32.5,Large,9472454049.2
256,2022,'South Africa',32.8,9.4,2.8,2779,934565900,27.1,14,23.9,Medium,8784919460.0
257,2009,Germany,18.1,1.2,3.7,967,1267782685,30.8,0,54.1,Large,1521339222.0
258,2002,India,32.0,15.0,4.6,1313,1104495874,15.7,0,28.3,Large,16567438110.0
259,2006,Canada,31.3,11.2,3.6,1772,847822613,40.7,7,20.6,Medium,9495613265.599998
260,2015,India,14.5,1.6,4.8,1493,813268912,26.9,13,57.2,Medium,1301230259.2
261,2015,'South Africa',31.1,13.8,4.5,2531,358440341,20.0,13,28.8,Medium,4946476705.8
262,2019,India,16.3,9.6,3.3,822,296295792,9.8,12,64.9,Small,2844439603.2
263,2016,'South Africa',13.9,1.2,4.3,1403,478389387,15.7,13,60.4,Medium,574067264.4
264,2001,USA,24.5,19.4,3.6,2041,214534006,47.7,10,60.9,Small,4161959716.3999996
265,2000,'South Africa',14.9,19.0,1.3,2499,131635220,18.7,14,56.3,Small,2501069180.0
266,2015,'South Africa',23.9,10.5,4.0,2315,975428867,12.6,1,62.9,Medium,10242003103.5
267,2011,Mexico,23.3,2.3,1.4,2976,877150174,25.7,0,58.3,Medium,2017445400.1999998
268,2004,'South Africa',21.9,15.2,3.4,647,948953337,18.8,10,46.2,Medium,14424090722.4
269,2004,Brazil,16.4,10.1,3.8,1641,681529141,6.6,7,27.7,Medium,6883444324.099999
270,2022,Germany,21.5,6.4,1.3,1349,248771060,19.5,3,63.3,Small,1592134784.0
271,2008,Russia,22.9,10.1,1.9,866,268168851,29.5,2,60.4,Small,2708505395.1
272,2008,Japan,21.4,10.7,4.7,1589,235549454,29.8,12,38.4,Small,2520379157.7999997
273,2002,Canada,18.3,11.5,3.5,2538,1386998486,21.0,11,12.3,Large,15950482589.0
274,2018,Australia,5.4,9.1,2.0,674,1338375247,25.1,3,48.3,Large,12179214747.699999
275,2015,Germany,22.6,12.3,3.8,2354,55182052,48.4,13,13.0,Small,678739239.6
276,2015,China,10.1,18.4,3.4,1087,1250306574,22.0,10,65.6,Large,23005640961.6
277,2002,Russia,24.3,7.6,3.0,994,12811984,16.6,4,67.7,Small,97371078.39999999
278,2019,USA,27.8,14.7,4.9,1637,648823762,16.0,0,21.4,Medium,9537709301.4
279,2023,USA,20.0,17.9,3.7,2284,1310548957,25.6,14,50.6,Large,23458826330.3
280,2021,Indonesia,21.3,9.4,2.5,1670,495198828,39.2,13,15.5,Medium,4654868983.2
281,2023,UK,33.5,9.1,4.2,534,828538833,14.3,10,53.8,Medium,7539703380.299999
282,2000,'South Africa',30.4,12.2,4.5,1498,755505933,36.9,0,30.8,Medium,9217172382.6
283,2023,Germany,32.4,12.0,1.5,1832,555356797,6.0,2,50.9,Medium,6664281564.0
284,2019,France,29.4,16.2,1.8,1537,57650147,23.9,5,32.4,Small,933932381.4
285,2010,Mexico,8.3,9.8,1.9,873,1280296355,39.9,0,18.7,Large,12546904279.0
286,2016,India,9.5,19.9,3.8,1951,926054419,20.2,13,34.4,Medium,18428482938.1
287,2007,China,20.8,1.7,3.4,2251,1203797363,30.4,10,16.8,Large,2046455517.1
288,2003,USA,12.4,0.6,3.5,2780,866033515,14.2,11,44.6,Medium,519620109.0
289,2005,Canada,19.3,13.0,4.8,1204,978026054,38.4,14,12.5,Medium,12714338702.0
290,2007,USA,16.8,6.3,4.1,1062,41988408,7.4,1,41.6,Small,264526970.4
291,2019,Australia,21.5,5.2,1.5,2373,714759147,43.4,14,63.2,Medium,3716747564.4
292,2002,Japan,27.4,6.6,2.4,2623,324417204,13.9,11,60.3,Small,2141153546.3999999
293,2015,USA,26.5,5.5,2.7,938,1377728769,44.3,13,63.0,Large,7577508229.5
294,2002,Australia,20.6,1.1,2.6,2383,31674998,20.9,6,65.3,Small,34842497.800000004
295,2017,Germany,29.7,19.4,3.7,2479,770503180,37.5,13,16.3,Medium,14947761691.999998
296,2013,Germany,17.9,4.8,4.6,1198,226407206,19.4,13,17.7,Small,1086754588.8
297,2017,Mexico,31.9,14.8,2.2,1812,1095137353,45.8,0,43.4,Large,16208032824.400002
298,2001,UK,7.1,15.4,3.2,2063,901531557,10.7,12,63.6,Medium,13883585977.800001
299,2021,Indonesia,33.6,18.6,4.2,1191,884111039,13.0,13,68.5,Medium,16444465325.400002
300,2002,Russia,24.6,1.1,2.7,2800,216501490,27.2,14,12.8,Small,238151639.00000003
301,2015,USA,16.4,17.5,1.7,1700,93560788,8.7,6,31.3,Small,1637313790.0
302,2008,Canada,10.9,10.8,2.9,2957,416299975,13.8,14,22.8,Medium,4496039730.0
303,2003,USA,19.4,12.8,1.2,2134,536356608,47.5,3,55.4,Medium,6865364582.400001
304,2000,Indonesia,10.8,13.1,4.8,2133,947854491,48.9,9,48.4,Medium,12416893832.1
305,2003,Argentina,10.0,16.5,1.3,626,1211429158,21.9,13,17.2,Large,19988581107.0
306,2000,Canada,23.5,7.0,2.8,2006,584732301,46.5,5,39.0,Medium,4093126107.0
307,2013,Brazil,20.7,14.8,3.1,1691,792568468,29.5,13,51.1,Medium,11730013326.4
308,2020,'South Africa',25.1,10.8,4.9,793,1142896221,17.1,7,56.7,Large,12343279186.800001
309,2015,Russia,32.9,16.0,1.7,1866,170058004,36.6,8,11.2,Small,2720928064.0
310,2019,Brazil,21.0,19.8,1.5,1519,341217904,34.7,5,63.4,Small,6756114499.2
311,2023,Argentina,22.4,4.4,1.0,2857,94830920,49.5,11,44.2,Small,417256048.00000006
312,2007,Argentina,7.7,19.9,1.6,918,203114192,16.9,10,58.7,Small,4041972420.7999997
313,2006,Indonesia,26.5,2.3,1.8,943,1179906692,35.2,12,58.5,Large,2713785391.6
314,2002,USA,17.0,0.5,3.5,1184,84528761,7.3,14,21.4,Small,42264380.5
315,2016,Indonesia,34.3,1.4,1.9,2783,578387192,10.1,13,16.6,Medium,809742068.8
316,2000,Indonesia,29.7,7.2,1.1,1962,811864189,5.2,8,53.3,Medium,5845422160.8
317,2015,Argentina,20.7,12.8,4.3,2761,455823356,50.0,3,19.4,Medium,5834538956.8
318,2011,Russia,8.7,1.8,2.5,584,117422206,41.1,5,61.0,Small,211359970.8
319,2018,Brazil,30.8,0.6,2.4,2267,1247636178,40.4,7,53.6,Large,748581706.8
320,2021,India,29.0,18.8,2.2,584,1218629667,27.9,8,60.5,Large,22910237739.600002
321,2022,USA,10.5,16.5,4.9,2444,267009905,18.5,2,27.9,Small,4405663432.5
322,2021,Argentina,13.9,16.3,1.7,2612,46153952,11.8,1,29.0,Small,752309417.6
323,2013,Brazil,28.8,17.7,4.6,2169,481755340,17.8,5,50.3,Medium,8527069518.0
324,2005,UK,10.6,14.2,4.1,1162,1125808525,21.9,3,11.9,Large,15986481055.0
325,2005,India,32.5,2.5,1.3,1126,471324215,39.0,0,53.6,Medium,1178310537.5
326,2012,India,17.7,8.3,4.9,563,294913021,29.3,7,60.1,Small,2447778074.3
327,2018,Germany,7.6,14.6,2.1,1418,1255100522,8.5,8,34.9,Large,18324467621.2
328,2021,Mexico,29.5,6.0,1.4,1875,153653744,5.8,13,55.9,Small,921922464.0
329,2007,USA,16.2,13.9,4.3,1681,1078493355,9.6,8,20.5,Large,14991057634.5
330,2001,India,20.8,1.0,3.8,2112,42474142,23.5,1,29.3,Small,42474142.0
331,2020,Argentina,8.4,6.5,3.5,990,1225881222,47.0,8,68.5,Large,7968227943.0
332,2000,Germany,5.1,11.2,1.6,2378,495220820,33.7,6,69.2,Medium,5546473184.0
333,2014,Brazil,24.1,12.8,2.9,2440,246829711,41.1,4,40.8,Small,3159420300.8
334,2000,UK,20.5,11.8,4.1,812,39478806,26.0,6,66.1,Small,465849910.8
335,2004,Australia,22.8,14.1,2.2,1418,217927603,21.3,12,41.4,Small,3072779202.2999997
336,2015,USA,28.8,0.6,2.2,2382,204172325,9.9,8,27.5,Small,122503395.0
337,2018,Russia,24.4,2.5,1.0,1312,1197982965,44.4,7,26.0,Large,2994957412.5
338,2003,Indonesia,10.2,17.4,1.7,1989,1129377860,40.2,5,65.8,Large,19651174764.0
339,2002,Canada,15.8,13.8,4.5,1826,614382775,12.6,12,20.3,Medium,8478482295.0
340,2016,Canada,32.2,2.7,2.8,1179,343865425,28.1,3,44.8,Medium,928436647.5000001
341,2016,Brazil,28.1,16.9,4.9,934,1393981934,26.9,12,43.3,Large,23558294684.6
342,2011,France,21.7,5.2,2.6,1181,1214544133,33.1,14,54.4,Large,6315629491.6
343,2013,France,12.7,9.8,3.9,1658,1199331484,47.6,0,40.0,Large,11753448543.2
344,2020,Brazil,14.1,3.3,2.1,1573,1391047250,31.1,5,26.3,Large,4590455925.0
345,2005,Argentina,27.0,14.3,2.5,1955,898654624,29.3,2,20.2,Medium,12850761123.2
346,2002,India,30.5,13.5,1.8,2887,377355052,7.3,5,47.2,Medium,5094293202.0
347,2008,Mexico,25.1,4.6,2.4,2894,237078466,7.8,5,53.1,Small,1090560943.6
348,2004,USA,29.3,17.3,3.2,1870,1377931241,13.4,13,44.2,Large,23838210469.3
349,2023,Canada,28.0,8.3,5.0,1148,338334548,6.5,3,54.3,Small,2808176748.4
350,2016,Canada,9.5,6.2,3.7,744,355644712,38.5,1,18.5,Medium,2204997214.4
351,2013,Mexico,17.7,3.5,1.8,2656,664661890,37.5,14,62.9,Medium,2326316615.0
352,2020,India,9.6,5.7,1.2,795,988849880,11.1,8,44.9,Medium,5636444316.0
353,2002,Canada,12.1,0.9,1.5,2659,45925925,42.6,1,17.6,Small,41333332.5
354,2000,Indonesia,31.1,11.9,3.3,2112,275452460,12.0,2,37.7,Small,3277884274.0
355,2019,Russia,19.2,16.9,4.1,2890,1112504950,18.6,9,60.7,Large,18801333655.0
356,2020,USA,21.1,11.2,4.8,2648,320264723,16.2,0,63.9,Small,3586964897.6
357,2022,Japan,10.4,4.8,1.1,2127,1360173043,21.8,6,25.9,Large,6528830606.4
358,2000,Canada,14.4,1.2,3.1,527,496479467,16.5,14,52.7,Medium,595775360.4
359,2002,Brazil,11.9,4.7,2.9,2485,374520492,27.0,0,16.0,Medium,1760246312.4
360,2017,Russia,11.2,8.6,3.6,2060,1303319060,23.3,10,12.0,Large,11208543916.0
361,2009,Canada,24.1,15.3,3.2,557,915322799,49.4,8,43.6,Medium,14004438824.7
362,2021,'South Africa',12.7,4.2,3.7,2021,1112155060,7.5,10,51.7,Large,4671051252.0
363,2002,UK,24.0,14.5,3.6,796,305315340,11.4,10,57.7,Small,4427072430.0
364,2007,Indonesia,6.8,17.4,1.5,2681,1264503560,7.4,0,30.4,Large,22002361944.0
365,2013,Russia,9.3,9.4,4.2,2796,27559312,33.2,4,10.4,Small,259057532.8
366,2023,Germany,13.2,16.5,1.5,1401,538799164,7.5,6,38.8,Medium,8890186206.0
367,2017,Japan,22.9,11.3,3.8,2464,1335375745,42.6,2,11.0,Large,15089745918.5
368,2014,UK,25.3,12.9,2.7,1598,772826167,28.0,8,15.5,Medium,9969457554.300001
369,2021,China,18.3,10.8,3.1,2177,393241030,28.7,7,29.6,Medium,4247003124.0000005
370,2022,Brazil,18.4,9.5,4.6,1691,302427829,30.3,12,36.2,Small,2873064375.5
371,2001,Brazil,26.7,5.1,4.6,1270,694412542,12.7,14,26.8,Medium,3541503964.2
372,2009,USA,5.5,6.4,4.3,2026,474288233,13.9,2,44.9,Medium,3035444691.2000003
373,2001,Mexico,15.2,6.2,3.0,1878,162233683,19.3,14,13.3,Small,1005848834.6
374,2016,UK,29.6,11.5,3.9,1748,1238813576,31.7,4,18.7,Large,14246356124.0
375,2007,Russia,23.1,2.8,3.1,2054,61974096,14.5,6,51.7,Small,173527468.79999998
376,2000,India,15.1,18.4,4.5,645,104256346,10.2,11,18.5,Small,1918316766.3999999
377,2008,Brazil,32.2,14.6,2.6,2483,1107521006,48.7,13,48.4,Large,16169806687.6
378,2010,Russia,28.2,8.3,4.9,1764,147628865,6.0,3,13.3,Small,1225319579.5
379,2021,Argentina,12.9,3.6,4.7,2407,809907325,41.1,4,34.4,Medium,2915666370.0
380,2015,Russia,24.4,17.7,4.0,2891,829537443,40.5,2,20.6,Medium,14682812741.099998
381,2006,Argentina,22.9,16.6,2.1,2272,1069151826,18.4,8,16.6,Medium,17747920311.600002
382,2009,'South Africa',17.0,14.6,1.5,1558,1002416208,11.1,9,44.0,Medium,14635276636.8
383,2022,Australia,16.0,5.8,4.4,2548,916438404,11.6,8,65.7,Medium,5315342743.2
384,2002,Australia,15.3,8.3,1.7,2519,1235851188,36.4,6,13.3,Large,10257564860.400002
385,2017,China,23.5,2.5,4.4,652,165154106,33.9,9,35.3,Small,412885265.0
386,2023,Germany,18.3,4.2,3.0,2976,1017684486,40.2,1,52.5,Medium,4274274841.2000003
387,2012,China,30.0,15.8,2.6,1007,144123536,47.2,6,37.8,Small,2277151868.8
388,2006,Argentina,25.1,14.4,4.6,990,417520615,36.1,6,58.4,Medium,6012296856.0
389,2003,UK,7.1,12.1,3.4,844,727544812,12.0,10,20.8,Medium,8803292225.199999
390,2012,Canada,24.2,18.0,3.3,2435,240259011,16.0,4,67.6,Small,4324662198.0
391,2019,India,13.1,11.9,3.2,2261,556011992,42.9,8,33.1,Medium,6616542704.8
392,2000,Canada,22.8,9.6,2.5,720,248996061,14.4,12,30.5,Small,2390362185.6
393,2007,France,25.4,7.1,4.1,2438,444435735,8.3,11,62.5,Medium,3155493718.5
394,2013,Canada,11.9,18.8,2.0,2442,254618460,36.6,10,43.8,Small,4786827048.0
395,2015,USA,18.7,2.1,4.8,1222,977078792,23.1,2,41.0,Medium,2051865463.2
396,2013,Canada,10.7,18.7,4.6,1027,1167788803,46.4,3,53.6,Large,21837650616.1
397,2011,China,6.6,16.6,2.3,2022,189064050,34.3,0,44.8,Small,3138463230.0000005
398,2018,Brazil,16.4,3.0,3.9,2164,446630103,9.1,5,19.8,Medium,1339890309.0
399,2022,Indonesia,15.9,11.5,3.3,980,838390349,47.7,3,50.5,Medium,9641489013.5
400,2014,Brazil,34.9,17.4,2.4,2371,1269827972,16.6,0,18.0,Large,22095006712.8
401,2001,Australia,18.4,11.7,5.0,1962,66141905,20.2,1,58.4,Small,773860288.5
402,2001,Indonesia,15.0,18.2,1.1,1925,389949929,23.1,14,69.4,Medium,7097088707.8
403,2022,Mexico,22.4,18.9,2.0,844,722568466,7.3,2,32.6,Medium,13656544007.4
404,2021,India,7.7,8.7,3.1,544,479208779,27.3,8,36.7,Medium,4169116377.2999997
405,2018,India,33.8,7.9,3.1,2568,573634321,10.5,12,12.8,Medium,4531711135.900001
406,2021,USA,24.0,18.8,3.4,2157,1169884055,23.0,7,10.8,Large,21993820234.0
407,2021,UK,27.6,13.7,4.0,2387,1363325194,20.8,6,65.3,Large,18677555157.8
408,2016,China,10.1,2.8,3.5,2595,733130914,39.8,12,17.7,Medium,2052766559.1999998
409,2019,Australia,17.3,1.3,3.4,2014,59676502,41.1,14,36.7,Small,77579452.60000001
410,2009,'South Africa',17.7,11.5,1.2,2834,125314911,11.9,10,58.9,Small,1441121476.5
411,2005,France,29.7,18.6,2.5,1501,1030270792,21.5,11,63.4,Medium,19163036731.2
412,2014,UK,5.0,17.0,1.9,1533,1211235150,21.8,13,41.2,Large,20590997550.0
413,2021,India,14.0,13.7,2.1,2540,140110299,11.8,3,43.9,Small,1919511096.3
414,2010,Brazil,34.4,3.2,3.2,773,1263782460,40.9,0,50.2,Large,4044103872.0
415,2004,Canada,19.2,5.5,1.8,1455,60556258,36.8,7,67.7,Small,333059419.0
416,2000,Canada,16.5,17.6,2.2,2279,329517333,13.6,3,46.2,Small,5799505060.8
417,2007,Mexico,8.6,4.1,1.9,880,1275080026,21.5,2,43.6,Large,5227828106.599999
418,2020,Australia,34.2,5.9,4.8,1852,1332348555,9.8,8,10.9,Large,7860856474.5
419,2011,China,5.6,3.0,4.8,978,883572947,33.3,9,14.9,Medium,2650718841.0
420,2011,China,27.1,13.7,3.4,2562,1024446336,10.5,3,44.6,Medium,14034914803.199999
421,2004,Germany,28.1,18.9,4.7,1015,806325524,49.4,3,66.2,Medium,15239552403.599998
422,2006,Argentina,12.3,5.7,4.1,690,964717552,40.1,13,62.0,Medium,5498890046.400001
423,2003,Japan,25.1,9.8,3.4,1691,1077312172,22.6,8,69.0,Large,10557659285.6
424,2005,India,7.8,12.9,1.0,1660,20339904,31.0,12,41.7,Small,262384761.6
425,2012,China,12.7,20.0,4.1,2701,1014597705,46.0,11,57.3,Medium,20291954100.0
426,2019,Mexico,28.6,2.5,3.8,1911,1121338990,29.9,10,60.4,Large,2803347475.0
427,2014,Brazil,30.9,10.2,3.5,771,617520058,12.9,11,48.9,Medium,6298704591.599999
428,2002,Australia,23.3,8.0,4.0,642,40028538,22.0,13,30.3,Small,320228304.0
429,2022,France,20.2,17.4,3.1,2412,797324959,42.9,1,38.2,Medium,13873454286.599998
430,2007,Germany,9.8,9.8,3.8,1592,637933053,34.0,13,61.5,Medium,6251743919.400001
431,2019,Mexico,6.9,2.7,4.7,2794,782955174,34.3,11,27.9,Medium,2113978969.8000002
432,2015,Russia,8.5,12.9,2.5,1287,48647611,44.0,4,65.4,Small,627554181.9
433,2012,USA,11.8,15.5,3.8,2626,56245653,45.2,14,23.8,Small,871807621.5
434,2017,France,15.3,0.6,2.9,2181,342901215,46.4,3,55.0,Small,205740729.0
435,2009,Argentina,16.4,17.2,3.7,1122,306798170,9.3,8,47.8,Small,5276928524.0
436,2018,Russia,15.4,4.1,4.1,1437,889870619,29.5,11,55.0,Medium,3648469537.8999996
437,2016,'South Africa',12.2,11.3,1.2,1618,663913018,38.3,4,36.2,Medium,7502217103.400001
438,2023,Argentina,20.3,8.6,3.6,1116,599934182,39.1,8,66.0,Medium,5159433965.2
439,2018,Canada,29.8,14.5,1.9,1531,298239516,32.3,10,47.9,Small,4324472982.0
440,2022,USA,13.4,7.7,3.7,566,1049605777,12.5,8,27.3,Medium,8081964482.900001
441,2004,India,33.3,17.5,2.9,690,357936501,40.9,13,48.3,Medium,6263888767.5
442,2020,Brazil,31.2,14.7,4.1,1020,937363773,37.4,1,27.2,Medium,13779247463.099998
443,2022,USA,9.9,13.1,1.5,1489,688166625,8.9,13,27.6,Medium,9014982787.5
444,2008,Argentina,28.6,16.0,3.5,1640,398067665,25.9,14,34.0,Medium,6369082640.0
445,2011,Japan,22.2,15.2,2.1,2814,565411899,12.8,8,61.1,Medium,8594260864.8
446,2020,Russia,22.0,1.2,4.4,2134,1128364538,20.2,2,40.0,Large,1354037445.6
447,2000,India,16.7,8.2,4.7,1687,349817800,5.8,3,50.7,Medium,2868505959.9999995
448,2000,Indonesia,20.0,18.7,5.0,875,938024200,23.0,0,33.5,Medium,17541052540.0
449,2014,Japan,16.9,3.0,4.2,1152,1048951853,29.7,13,25.8,Medium,3146855559.0
450,2001,Canada,21.2,14.9,4.0,1048,535387911,32.9,0,67.3,Medium,7977279873.900001
451,2021,Japan,23.8,19.5,1.9,1597,428766962,34.9,0,46.2,Medium,8360955759.0
452,2015,Germany,25.2,1.5,2.3,572,217257105,42.6,8,66.0,Small,325885657.5
453,2007,Germany,21.0,13.8,2.9,2855,1064569796,14.7,10,22.2,Medium,14691063184.800001
454,2012,'South Africa',26.6,9.6,4.1,698,60938189,10.4,7,18.8,Small,585006614.4
455,2020,Argentina,9.2,11.8,4.7,2281,817572573,43.3,4,61.3,Medium,9647356361.400002
456,2000,Australia,11.4,2.2,1.8,1071,1388230143,12.0,4,50.9,Large,3054106314.6000004
457,2015,France,29.6,1.3,4.7,1290,1379671819,48.9,8,21.2,Large,1793573364.7
458,2006,France,14.7,13.5,3.8,2138,690916097,42.9,2,26.2,Medium,9327367309.5
459,2004,Indonesia,5.7,16.6,3.4,2331,113072938,27.5,2,58.0,Small,1877010770.8000002
460,2021,Indonesia,9.6,15.7,1.8,2355,744131853,49.2,6,37.2,Medium,11682870092.1
461,2022,India,11.7,11.1,1.2,2010,807462613,9.4,8,50.2,Medium,8962835004.3
462,2002,Canada,33.7,2.4,3.3,1674,1146777310,18.6,5,29.1,Large,2752265544.0
463,2011,China,22.2,13.9,3.6,678,1175564118,33.7,13,32.9,Large,16340341240.2
464,2015,'South Africa',33.0,5.2,1.8,2744,514381167,20.8,1,69.4,Medium,2674782068.4
465,2018,Germany,22.3,18.3,3.2,1234,1016644563,46.8,0,24.9,Medium,18604595502.9
466,2004,India,19.4,16.8,4.4,2636,990213564,8.0,1,40.4,Medium,16635587875.2
467,2021,China,14.4,14.3,4.3,1298,222866661,29.7,13,60.7,Small,3186993252.3
468,2013,France,23.2,19.0,4.7,1287,458035062,31.6,13,24.4,Medium,8702666178.0
469,2004,Australia,9.2,1.1,2.5,708,212718211,34.4,0,34.9,Small,233990032.10000002
470,2014,Japan,31.9,14.9,2.3,992,1382916110,16.5,9,46.9,Large,20605450039.0
471,2016,Germany,29.9,6.9,4.0,2157,597867288,21.4,9,38.9,Medium,4125284287.2000003
472,2013,India,14.5,18.2,2.7,1231,1063134918,43.0,8,37.6,Medium,19349055507.6
473,2019,USA,33.6,5.7,1.4,1629,1356634360,13.8,14,31.8,Large,7732815852.0
474,2004,China,29.8,14.6,2.1,2105,206788510,42.2,9,45.2,Small,3019112246.0
475,2011,Japan,25.0,17.6,2.7,1093,1378540228,30.3,14,47.5,Large,24262308012.800003
476,2015,Germany,8.7,1.3,2.2,1715,907925675,39.3,11,49.2,Medium,1180303377.5
477,2015,France,19.3,8.3,2.3,824,826741489,37.1,13,14.2,Medium,6861954358.700001
478,2020,Mexico,20.2,15.4,2.2,1478,30190953,14.3,12,47.9,Small,464940676.2
479,2006,Canada,12.0,9.4,1.2,2249,1330161573,30.6,7,67.2,Large,12503518786.2
480,2003,China,7.4,5.7,3.5,2350,1134255035,44.0,14,42.5,Large,6465253699.5
481,2000,France,28.3,4.8,3.4,1990,61481382,24.4,6,52.9,Small,295110633.59999996
482,2004,Germany,8.7,3.1,3.6,1393,1200864257,48.5,14,43.4,Large,3722679196.7000003
483,2022,China,22.8,17.2,1.8,1890,97623054,25.3,2,61.3,Small,1679116528.8
484,2009,'South Africa',33.1,11.7,2.2,643,329758237,11.4,7,65.8,Small,3858171372.8999996
485,2021,Japan,31.3,2.0,3.5,883,606697131,22.5,1,21.1,Medium,1213394262.0
486,2004,UK,13.3,8.0,3.4,2763,1230785104,47.8,1,36.2,Large,9846280832.0
487,2003,Germany,30.5,7.7,3.0,2871,1038669571,19.4,10,33.5,Medium,7997755696.7
488,2001,'South Africa',5.0,4.0,2.4,716,779600765,44.1,9,34.3,Medium,3118403060.0
489,2019,Russia,5.5,9.0,4.7,2015,12631400,44.7,2,17.5,Small,113682600.0
490,2009,India,23.1,7.0,2.4,2730,928647198,20.8,6,58.8,Medium,6500530386.0
491,2018,Mexico,15.9,7.2,2.8,2817,461954875,8.7,0,12.1,Medium,3326075100.0
492,2000,Indonesia,16.6,14.9,3.7,1990,381441078,37.6,7,41.7,Medium,5683472062.2
493,2023,Japan,21.9,4.9,3.2,2135,760660662,19.0,11,49.7,Medium,3727237243.8
494,2004,China,10.8,13.0,2.4,2852,34357473,40.2,6,22.4,Small,446647149.0
495,2012,Canada,11.4,11.6,2.7,1667,276284677,24.9,3,64.4,Small,3204902253.2
496,2003,France,19.5,11.6,4.2,610,413929509,26.8,13,60.3,Medium,4801582304.4
497,2015,Indonesia,27.6,13.4,2.1,1513,1029993337,40.0,14,38.3,Medium,13801910715.800001
498,2023,USA,23.6,11.2,1.6,731,1196150514,22.2,4,34.7,Large,13396885756.8
499,2015,France,13.9,17.6,2.3,2214,907108797,24.9,9,24.2,Medium,15965114827.2
500,2022,China,17.9,13.7,4.4,2255,804974926,21.9,12,53.8,Medium,11028156486.199999
501,2001,Mexico,10.1,11.2,1.4,2077,131368589,21.5,0,17.9,Small,1471328196.8
502,2016,Argentina,7.2,16.7,5.0,1796,1353028485,28.7,3,50.8,Large,22595575699.5
503,2019,France,28.5,12.3,3.2,2720,1331017695,41.4,14,60.5,Large,16371517648.5
504,2023,Argentina,13.0,6.2,4.9,1472,935533058,21.3,0,23.7,Medium,5800304959.6
505,2011,India,10.3,4.5,4.8,1530,575572757,28.6,0,62.0,Medium,2590077406.5
506,2017,Mexico,25.7,3.5,2.8,1017,761831829,35.2,9,12.0,Medium,2666411401.5
507,2002,Germany,23.5,18.0,1.8,1413,512192626,17.1,0,64.8,Medium,9219467268.0
508,2000,'South Africa',24.0,14.3,1.7,2762,313096322,17.5,6,17.1,Small,4477277404.6
509,2000,USA,11.9,18.8,2.0,2681,297043004,47.0,6,48.7,Small,5584408475.2
510,2018,Brazil,12.0,12.3,3.8,2832,856099723,37.6,3,25.0,Medium,10530026592.900002
511,2010,China,11.6,9.7,2.1,2444,946279632,31.0,14,60.2,Medium,9178912430.4
512,2004,Australia,10.2,1.7,2.4,1962,517404742,34.1,12,40.7,Medium,879588061.4
513,2011,Brazil,24.7,13.6,2.8,2372,1091856204,6.3,11,18.1,Large,14849244374.4
514,2002,France,30.4,11.9,4.7,2878,193419191,32.8,1,44.3,Small,2301688372.9
515,2000,Indonesia,26.7,19.8,1.8,1807,540634691,27.9,11,34.5,Medium,10704566881.800001
516,2000,China,28.8,5.2,1.0,1398,385683145,29.6,2,49.7,Medium,2005552354.0
517,2007,'South Africa',17.1,10.8,1.2,1598,1245372198,21.2,7,62.9,Large,13450019738.400002
518,2009,Russia,24.6,13.2,4.6,1689,925981847,8.7,12,34.6,Medium,12222960380.4
519,2010,'South Africa',15.6,13.1,3.6,1712,1026431056,13.7,7,27.4,Medium,13446246833.6
520,2011,Australia,20.8,11.4,2.1,2625,1165547123,47.8,10,10.9,Large,13287237202.2
521,2012,USA,19.4,15.7,1.7,1187,918159557,23.4,10,44.5,Medium,14415105044.9
522,2011,'South Africa',10.3,4.5,2.2,2568,1119101202,26.0,5,34.1,Large,5035955409.0
523,2013,Canada,16.6,14.6,1.5,1065,956249631,7.4,14,32.5,Medium,13961244612.6
524,2001,Russia,33.9,12.6,4.8,1707,877308425,6.7,9,21.0,Medium,11054086155.0
525,2018,Brazil,12.5,18.0,4.1,2394,32747976,37.3,8,35.8,Small,589463568.0
526,2017,Germany,9.0,17.0,2.8,1326,934953242,29.2,10,69.1,Medium,15894205114.0
527,2002,India,17.6,6.6,4.5,1851,40236300,27.9,11,27.9,Small,265559580.0
528,2022,Canada,28.7,5.9,2.0,2726,599372628,15.9,8,46.0,Medium,3536298505.2000003
529,2016,UK,22.5,19.6,3.9,2311,1290081090,38.5,3,56.6,Large,25285589364.0
530,2007,Russia,25.4,10.8,4.4,1582,1038917176,12.6,11,54.9,Medium,11220305500.800001
531,2009,Germany,10.7,18.2,2.4,1850,1303590308,13.5,0,29.7,Large,23725343605.6
532,2001,Germany,23.6,3.7,4.0,2144,293218023,25.7,0,46.7,Small,1084906685.1000001
533,2018,China,14.7,13.0,2.2,690,931316975,17.9,14,62.3,Medium,12107120675.0
534,2008,Russia,30.0,16.3,2.2,1723,1362092917,16.1,11,10.9,Large,22202114547.100002
535,2006,USA,23.9,19.0,1.4,1835,1146873886,34.0,9,36.1,Large,21790603834.0
536,2003,France,11.0,7.1,2.8,1207,1151159927,34.3,14,23.5,Large,8173235481.7
537,2020,Australia,6.9,14.6,3.9,878,26451115,42.1,4,33.3,Small,386186279.0
538,2017,UK,6.3,11.0,4.8,886,1193832295,23.8,13,35.0,Large,13132155245.0
539,2012,Australia,16.1,1.7,3.4,2784,393935884,8.3,12,54.8,Medium,669691002.8
540,2010,Brazil,13.0,14.0,4.5,1115,1060152685,17.3,1,15.6,Medium,14842137590.0
541,2023,Brazil,24.4,14.0,4.3,2042,55101132,49.1,14,40.8,Small,771415848.0
542,2003,Australia,20.0,18.6,1.7,2830,621558597,31.8,5,43.9,Medium,11560989904.2
543,2020,'South Africa',13.0,10.2,2.9,2548,805165392,36.9,6,39.6,Medium,8212686998.4
544,2003,USA,9.5,5.0,1.5,2254,786397155,5.3,0,53.9,Medium,3931985775.0
545,2009,Argentina,8.8,1.4,3.7,963,1344612647,28.3,5,33.0,Large,1882457705.8
546,2004,'South Africa',30.9,8.6,4.8,1466,999167792,6.7,7,66.7,Medium,8592843011.199999
547,2008,Indonesia,12.3,6.4,1.5,671,262587298,30.6,11,38.9,Small,1680558707.2
548,2023,'South Africa',24.6,15.3,3.9,1646,583534992,46.4,4,44.3,Medium,8928085377.6
549,2002,India,29.3,7.4,3.5,1342,866716200,48.6,13,59.5,Medium,6413699880.0
550,2016,Japan,23.4,19.0,3.3,1821,43209016,29.3,11,26.5,Small,820971304.0
551,2002,France,30.8,19.3,2.6,2408,1193787532,25.6,6,14.5,Large,23040099367.600002
552,2015,India,16.8,12.6,2.4,1189,970973825,47.5,9,52.5,Medium,12234270195.0
553,2003,China,33.7,18.6,1.2,2007,757020571,35.3,5,39.0,Medium,14080582620.6
554,2017,Japan,9.0,15.3,1.9,2712,831550186,7.9,3,63.8,Medium,12722717845.800001
555,2016,Japan,8.1,11.2,1.1,2524,1144515609,26.0,14,69.0,Large,12818574820.8
556,2006,Russia,24.8,4.0,3.3,2222,1307076526,15.8,14,33.9,Large,5228306104.0
557,2023,USA,33.3,9.4,1.4,882,589637290,26.1,6,34.9,Medium,5542590526.0
558,2022,USA,29.3,11.4,4.5,2756,1339427830,25.5,9,34.5,Large,15269477262.0
559,2004,Japan,7.3,17.3,3.1,1912,1263362850,31.2,8,29.5,Large,21856177305.0
560,2011,Indonesia,13.4,9.9,3.8,2083,1358606331,21.1,9,56.9,Large,13450202676.9
561,2016,'South Africa',32.9,18.0,2.6,2771,976037143,12.4,9,55.5,Medium,17568668574.0
562,2022,Russia,12.6,13.6,3.2,2550,829586067,27.7,12,38.7,Medium,11282370511.199999
563,2012,France,28.4,3.2,4.8,871,226805324,42.4,6,12.7,Small,725777036.8000001
564,2022,Japan,29.8,19.9,1.3,2210,968059240,34.9,11,28.6,Medium,19264378876.0
565,2002,Canada,19.9,10.8,2.0,1969,449460600,20.2,13,27.5,Medium,4854174480.0
566,2008,Brazil,16.6,8.1,4.1,1110,698150132,47.1,4,58.7,Medium,5655016069.2
567,2016,Brazil,18.5,13.4,1.4,615,297280556,46.0,6,15.3,Small,3983559450.4
568,2016,India,11.8,2.6,1.3,946,472080203,14.4,2,58.3,Medium,1227408527.8
569,2019,China,31.7,12.9,2.4,1891,136202316,6.8,1,50.2,Small,1757009876.4
570,2015,Mexico,18.5,10.2,1.4,1840,672570272,38.4,10,53.9,Medium,6860216774.4
571,2021,Mexico,31.5,8.4,3.3,914,1082464871,42.2,14,35.9,Large,9092704916.4
572,2012,Brazil,8.2,19.1,1.9,2308,294211471,48.6,4,50.8,Small,5619439096.1
573,2018,Argentina,34.6,10.7,4.6,1547,298632383,45.0,3,46.5,Small,3195366498.1
574,2016,Germany,18.3,4.8,4.1,2373,1180680940,32.0,4,56.1,Large,5667268512.0
575,2003,India,6.4,9.4,3.8,1573,9918562,28.9,7,36.8,Small,93234482.8
576,2011,Mexico,6.1,18.4,3.5,1217,1120735671,6.3,11,38.4,Large,20621536346.399998
577,2008,Brazil,27.4,3.9,4.5,1858,79510809,16.1,3,48.6,Small,310092155.09999996
578,2018,China,24.8,4.7,1.9,2105,341648458,25.7,14,16.5,Small,1605747752.6000001
579,2011,Mexico,29.1,0.8,4.5,2818,955410877,33.3,8,36.2,Medium,764328701.6
580,2008,'South Africa',8.2,0.8,4.2,1061,748997300,30.1,6,68.3,Medium,599197840.0
581,2006,'South Africa',6.1,16.7,4.0,2794,298662647,38.4,9,12.3,Small,4987666204.9
582,2013,USA,20.3,14.8,3.2,886,202353097,17.6,12,29.0,Small,2994825835.6000004
583,2019,Indonesia,16.6,7.4,2.0,1201,566743465,30.4,11,28.8,Medium,4193901641.0
584,2018,USA,18.9,14.1,2.7,1472,922097331,9.0,6,48.0,Medium,13001572367.1
585,2014,France,34.7,8.2,4.2,1884,81521377,23.6,14,16.3,Small,668475291.4
586,2015,Japan,34.1,19.1,1.1,1483,220754183,38.8,12,47.7,Small,4216404895.3
587,2020,Canada,33.3,19.4,4.1,2011,117312606,36.2,12,15.7,Small,2275864556.3999996
588,2004,USA,28.5,8.2,2.0,851,1001119882,49.6,7,15.7,Medium,8209183032.4
589,2002,UK,15.6,17.2,1.6,2224,1274221100,17.5,11,53.7,Large,21916602920.0
590,2011,Mexico,17.4,15.6,1.5,2451,1333450369,27.4,5,29.4,Large,20801825756.399998
591,2019,Argentina,21.5,6.5,1.1,1779,781668712,19.8,7,68.6,Medium,5080846628.0
592,2020,Russia,29.9,5.0,3.1,2407,536210430,24.8,2,12.2,Medium,2681052150.0
593,2003,Brazil,7.1,9.4,1.9,1252,18750431,43.6,9,36.7,Small,176254051.4
594,2020,Russia,17.7,15.7,5.0,1524,655879251,35.8,9,16.8,Medium,10297304240.699999
595,2022,UK,7.5,19.2,3.3,1045,1387457528,44.7,13,31.1,Large,26639184537.6
596,2015,China,20.4,15.4,1.6,1969,227429665,14.2,0,69.9,Small,3502416841.0
597,2006,USA,32.0,17.2,3.8,578,1109563889,44.3,5,63.3,Large,19084498890.8
598,2012,Canada,28.5,12.3,4.6,1759,232840139,7.7,0,12.9,Small,2863933709.7000003
599,2020,China,11.8,16.8,4.0,2881,573451526,45.0,8,43.8,Medium,9633985636.800001
600,2009,Germany,34.3,15.8,1.3,1388,1280706662,19.8,13,48.9,Large,20235165259.600002
601,2006,Germany,25.0,7.9,4.6,1605,703458181,19.2,1,22.6,Medium,5557319629.900001
602,2013,Russia,5.3,11.3,4.2,2490,892723644,28.0,10,18.7,Medium,10087777177.2
603,2004,Japan,12.7,16.2,1.6,2000,1307202006,47.3,1,64.3,Large,21176672497.2
604,2002,India,12.8,1.4,1.2,1420,457184922,7.2,6,68.1,Medium,640058890.8
605,2022,Japan,7.1,16.3,3.2,1049,521147693,20.9,1,69.5,Medium,8494707395.900001
606,2010,Mexico,33.8,4.0,1.6,2561,1185883781,43.5,9,57.4,Large,4743535124.0
607,2010,UK,19.3,10.5,4.3,891,1297221349,22.8,7,49.8,Large,13620824164.5
608,2017,'South Africa',31.9,16.3,2.4,2857,1323666625,14.0,5,30.7,Large,21575765987.5
609,2014,France,14.7,5.4,4.7,2933,1151040277,24.1,13,20.3,Large,6215617495.8
610,2011,Japan,8.8,5.3,3.3,1880,552503699,22.3,6,14.7,Medium,2928269604.7
611,2008,Indonesia,19.2,8.4,1.7,1473,490479768,46.2,6,51.6,Medium,4120030051.2000003
612,2009,France,8.4,17.9,1.6,839,619079995,39.3,5,57.1,Medium,11081531910.5
613,2011,UK,19.6,0.5,3.3,1256,167459760,27.7,9,59.6,Small,83729880.0
614,2016,France,32.6,18.1,4.0,1545,333230308,49.5,10,64.8,Small,6031468574.8
615,2005,Canada,20.6,3.5,4.1,2838,1138205296,25.9,8,62.8,Large,3983718536.0
616,2006,USA,23.5,19.8,2.1,2853,629814899,7.6,12,70.0,Medium,12470335000.2
617,2013,Canada,9.7,19.1,1.8,1438,1141561184,16.8,8,24.6,Large,21803818614.4
618,2012,France,6.3,10.1,1.1,1347,1318582449,24.6,14,55.8,Large,13317682734.9
619,2007,China,8.3,10.5,3.7,941,124297006,12.1,6,45.2,Small,1305118563.0
620,2009,Germany,23.0,9.9,1.3,629,1082501828,47.6,8,25.7,Large,10716768097.2
621,2008,France,7.9,12.9,2.7,1096,148647462,39.5,12,68.9,Small,1917552259.8
622,2017,Canada,16.3,2.3,3.4,2458,1391480145,17.1,9,63.9,Large,3200404333.4999995
623,2001,Argentina,21.5,1.1,4.7,2005,597841637,31.6,2,17.7,Medium,657625800.7
624,2004,UK,16.7,1.6,2.2,1361,367224757,37.5,2,11.6,Medium,587559611.2
625,2004,China,9.9,9.2,2.0,1498,350813108,47.4,0,51.3,Medium,3227480593.6
626,2005,Canada,13.2,5.9,3.6,2872,1257944094,44.7,4,46.2,Large,7421870154.6
627,2018,Japan,32.8,12.6,3.5,2995,1274619263,28.2,14,66.1,Large,16060202713.8
628,2007,Brazil,25.3,19.9,2.3,2051,196111561,39.9,3,24.0,Small,3902620063.8999996
629,2015,Russia,19.9,8.0,4.7,2140,1139652750,30.3,1,15.1,Large,9117222000.0
630,2012,India,5.4,11.7,4.4,2011,574018793,29.9,8,25.6,Medium,6716019878.099999
631,2000,'South Africa',34.8,8.6,1.9,2236,824102127,10.2,2,11.1,Medium,7087278292.2
632,2021,Canada,25.1,17.0,2.0,1949,1268064913,10.7,14,12.2,Large,21557103521.0
633,2019,Indonesia,14.5,18.1,3.0,2357,947298966,28.8,7,64.9,Medium,17146111284.600002
634,2016,India,31.4,17.6,4.1,764,702602016,17.1,5,31.1,Medium,12365795481.6
635,2006,UK,12.8,19.5,1.2,1962,444312143,5.9,13,34.6,Medium,8664086788.5
636,2012,Argentina,21.3,1.0,3.8,656,449021301,37.5,12,11.1,Medium,449021301.0
637,2003,Australia,24.1,16.9,3.6,1945,366223269,6.5,4,26.2,Medium,6189173246.099999
638,2003,Canada,11.6,15.2,1.9,2798,625984226,31.8,0,58.3,Medium,9514960235.199999
639,2005,Brazil,34.4,5.0,3.7,2132,104922177,29.3,3,46.9,Small,524610885.0
640,2018,India,27.4,19.1,4.8,2874,122071965,48.6,2,55.2,Small,2331574531.5
641,2011,'South Africa',21.7,3.4,1.2,1394,717982156,26.8,0,36.8,Medium,2441139330.4
642,2021,France,10.4,13.8,2.3,2644,1148375055,7.9,11,28.6,Large,15847575759.0
643,2006,Canada,6.6,4.9,2.8,1012,459323770,29.8,14,39.0,Medium,2250686473.0
644,2009,USA,14.6,8.9,4.6,715,643338166,42.8,4,29.4,Medium,5725709677.400001
645,2018,Argentina,27.6,14.5,4.8,2672,555420966,49.9,5,60.3,Medium,8053604007.0
646,2006,UK,13.1,11.5,2.8,2206,1041665235,24.4,1,27.9,Medium,11979150202.5
647,2002,Russia,21.2,8.8,4.0,2606,542400855,19.4,14,49.6,Medium,4773127524.0
648,2012,Brazil,26.8,6.9,3.1,2067,615628540,45.8,13,18.2,Medium,4247836926.0
649,2012,Mexico,8.2,16.9,3.2,2708,324319642,13.6,2,51.2,Small,5481001949.799999
650,2017,Mexico,25.6,3.3,2.1,2831,1357107613,32.7,10,64.8,Large,4478455122.9
651,2019,Indonesia,7.8,8.9,1.9,2653,483741561,23.3,13,46.5,Medium,4305299892.900001
652,2007,India,34.0,18.1,2.2,1628,522918956,6.8,14,43.6,Medium,9464833103.6
653,2008,Brazil,19.7,17.0,3.2,727,212780506,20.6,5,67.7,Small,3617268602.0
654,2006,China,9.5,8.3,1.1,2865,945299929,16.9,3,47.6,Medium,7845989410.700001
655,2000,'South Africa',15.3,15.4,4.6,1987,1106864831,35.9,8,25.6,Large,17045718397.4
656,2002,Russia,17.4,16.6,1.6,1301,583661545,47.7,4,27.5,Medium,9688781647.0
657,2012,France,27.7,17.8,1.9,2122,1117897844,17.1,3,52.3,Large,19898581623.2
658,2016,Canada,27.3,11.1,3.1,2405,574525178,41.5,1,54.1,Medium,6377229475.8
659,2023,Canada,23.4,4.5,3.8,971,1380296219,7.5,5,28.2,Large,6211332985.5
660,2000,Mexico,8.2,5.5,1.4,1579,475061537,29.2,9,30.7,Medium,2612838453.5
661,2005,Canada,9.5,6.3,2.3,2560,904452825,8.2,1,69.5,Medium,5698052797.5
662,2020,UK,7.8,12.1,4.9,1541,31063151,47.0,11,16.1,Small,375864127.09999996
663,2005,Russia,22.3,1.1,2.0,2660,484197278,39.5,12,34.3,Medium,532617005.8000001
664,2011,USA,31.3,12.9,2.3,728,310976210,34.6,6,13.7,Small,4011593109.0
665,2012,Australia,18.0,7.6,4.3,670,1014270408,42.1,2,59.3,Medium,7708455100.799999
666,2012,Indonesia,9.8,6.3,1.2,794,1182540700,34.1,8,15.5,Large,7450006410.0
667,2014,Germany,21.7,17.7,2.9,688,598463676,48.6,10,50.4,Medium,10592807065.199999
668,2020,Japan,29.4,9.5,2.5,925,733726265,37.1,4,13.4,Medium,6970399517.5
669,2015,Indonesia,27.3,2.4,2.3,1476,1132944962,46.6,7,50.4,Large,2719067908.7999997
670,2021,India,31.4,16.6,2.1,1602,1242658359,28.3,10,60.6,Large,20628128759.4
671,2020,USA,13.3,1.4,1.4,1418,1199856255,10.3,5,33.9,Large,1679798757.0
672,2010,Indonesia,10.8,14.7,2.3,998,442921564,28.8,13,41.3,Medium,6510946990.799999
673,2004,France,31.4,15.6,1.2,2321,663371850,10.7,11,34.1,Medium,10348600860.0
674,2003,Mexico,24.7,7.4,4.1,1365,106846880,31.7,9,28.0,Small,790666912.0
675,2002,Argentina,14.3,16.6,2.6,1325,845772793,26.7,7,58.2,Medium,14039828363.800001
676,2018,India,27.3,10.6,2.8,2358,322950922,33.0,12,26.3,Small,3423279773.2
677,2019,Canada,29.5,9.5,4.6,2618,968769498,5.5,12,53.4,Medium,9203310231.0
678,2017,Brazil,23.4,1.4,3.6,2795,958819872,13.8,10,22.4,Medium,1342347820.8
679,2014,France,25.6,6.2,1.0,645,93966977,27.1,11,25.0,Small,582595257.4
680,2008,India,16.3,18.7,4.8,2141,281361562,47.8,2,30.2,Small,5261461209.4
681,2016,Argentina,21.2,8.1,1.9,1819,395181795,22.3,2,45.3,Medium,3200972539.5
682,2013,'South Africa',20.7,11.2,1.4,969,1383289354,24.1,4,37.3,Large,15492840764.8
683,2014,Canada,30.4,10.9,4.1,692,778188462,37.2,10,54.7,Medium,8482254235.8
684,2000,Indonesia,30.2,12.0,3.0,1591,629396369,32.2,9,22.8,Medium,7552756428.0
685,2020,Indonesia,30.0,1.7,2.7,551,633829632,18.5,2,10.6,Medium,1077510374.3999999
686,2021,India,5.3,7.6,2.0,2910,62104574,23.5,7,56.6,Small,471994762.4
687,2021,Brazil,27.5,14.6,3.2,2320,552258722,14.8,9,59.3,Medium,8062977341.2
688,2002,'South Africa',27.8,4.4,2.1,2369,169324386,48.5,12,13.6,Small,745027298.4000001
689,2015,Canada,25.4,4.5,4.6,2286,646048990,10.9,11,46.7,Medium,2907220455.0
690,2022,Argentina,27.7,0.7,1.9,1954,1096617947,21.7,13,32.7,Large,767632562.9
691,2010,Australia,30.3,9.0,4.5,2367,1151520192,6.2,7,57.6,Large,10363681728.0
692,2011,Indonesia,19.1,17.7,3.2,2507,1082449514,15.0,1,62.5,Large,19159356397.8
693,2009,Argentina,20.1,1.5,4.3,1934,380527763,40.1,11,61.1,Medium,570791644.5
694,2015,USA,8.7,4.2,3.9,1339,172575234,14.1,3,56.6,Small,724815982.8000001
695,2007,Indonesia,16.6,6.5,3.8,740,914386174,8.6,9,26.1,Medium,5943510131.0
696,2005,Argentina,24.3,14.8,2.3,1035,417690049,26.4,12,58.7,Medium,6181812725.200001
697,2011,China,28.4,13.0,1.9,1907,276902589,5.4,0,42.0,Small,3599733657.0
698,2023,Mexico,11.5,8.6,1.8,582,866432043,8.8,3,13.2,Medium,7451315569.799999
699,2020,Japan,9.1,15.3,4.4,1481,399126588,41.3,11,37.4,Medium,6106636796.400001
700,2007,Russia,24.9,12.4,4.3,1450,1397016073,39.7,12,66.5,Large,17322999305.2
701,2003,Mexico,5.1,18.0,2.8,1110,237659268,46.2,12,63.3,Small,4277866824.0
702,2007,UK,10.4,16.5,1.5,1073,1221935909,43.5,10,16.1,Large,20161942498.5
703,2017,Japan,5.9,5.4,2.5,2833,606960201,35.7,12,54.6,Medium,3277585085.4
704,2004,France,10.0,5.8,3.5,1488,1182846641,7.4,3,58.3,Large,6860510517.8
705,2008,Argentina,10.4,2.9,2.8,958,1339539083,40.2,9,26.3,Large,3884663340.7
706,2003,Japan,16.6,7.1,4.1,2673,109741109,43.0,8,38.3,Small,779161873.9
707,2021,UK,17.1,20.0,5.0,2022,284705392,41.0,14,52.7,Small,5694107840.0
708,2016,Canada,31.2,8.4,1.8,2972,695971780,27.9,2,36.3,Medium,5846162952.0
709,2008,Australia,20.3,4.8,2.8,2484,1362033433,15.5,14,16.8,Large,6537760478.4
710,2000,China,26.7,15.4,2.7,2066,784881916,43.0,1,52.4,Medium,12087181506.4
711,2020,USA,8.1,11.1,2.2,2659,1072790036,37.7,8,64.7,Medium,11907969399.6
712,2019,Argentina,11.8,3.4,1.8,2949,697781804,49.1,8,49.1,Medium,2372458133.6
713,2012,USA,26.1,7.9,1.3,621,857993113,12.0,0,56.4,Medium,6778145592.700001
714,2015,Brazil,6.6,8.6,4.5,772,925802277,15.2,5,31.5,Medium,7961899582.2
715,2012,Indonesia,19.6,15.2,2.7,1817,1319258942,14.5,9,21.0,Large,20052735918.399998
716,2013,Argentina,23.0,0.9,3.0,897,1152666411,40.7,7,48.6,Large,1037399769.9
717,2002,Russia,23.1,5.7,4.7,1484,246218329,13.4,2,29.7,Small,1403444475.3
718,2005,Argentina,5.7,10.6,4.1,1730,1356785799,8.0,10,61.6,Large,14381929469.4
719,2017,India,14.7,5.7,1.5,1633,538949949,49.9,8,17.4,Medium,3072014709.3
720,2018,Australia,24.1,12.8,3.3,1801,717984590,6.1,1,36.0,Medium,9190202752.0
721,2004,India,9.5,9.9,2.8,2410,668910266,42.6,5,33.8,Medium,6622211633.400001
722,2014,Argentina,25.9,7.6,4.2,2005,441359567,21.4,0,66.3,Medium,3354332709.2
723,2001,China,27.4,19.0,3.9,2416,171927360,42.9,12,19.2,Small,3266619840.0
724,2009,Japan,34.5,12.8,3.8,1319,52187343,30.0,6,10.6,Small,667997990.4000001
725,2023,USA,11.3,3.0,2.4,2456,420542436,45.6,2,24.3,Medium,1261627308.0
726,2017,China,29.8,11.4,4.2,2868,600974146,46.7,6,59.2,Medium,6851105264.400001
727,2012,Argentina,20.6,15.7,1.2,678,927578734,5.4,3,22.6,Medium,14562986123.8
728,2004,UK,16.2,14.3,1.6,1396,331580116,8.4,8,24.5,Small,4741595658.8
729,2022,Japan,8.7,3.9,2.3,2766,734430197,16.3,4,17.8,Medium,2864277768.2999997
730,2023,UK,27.1,19.5,1.3,2472,1018161882,35.1,2,52.9,Medium,19854156699.0
731,2000,USA,12.1,9.3,1.9,2051,1380798693,45.0,14,14.2,Large,12841427844.900002
732,2021,Japan,16.1,3.6,4.3,991,5467801,25.7,7,29.9,Small,19684083.6
733,2000,Russia,6.9,4.0,4.8,560,1051785465,32.3,5,26.9,Medium,4207141860.0
734,2017,Australia,29.0,2.4,2.2,1577,313504125,13.5,1,43.3,Small,752409900.0
735,2014,Mexico,28.0,16.2,2.1,2203,590386085,41.2,2,53.8,Medium,9564254577.0
736,2016,'South Africa',27.0,2.9,2.1,564,1045450055,48.5,7,42.0,Medium,3031805159.5
737,2010,France,14.0,2.9,2.1,1085,218199220,17.1,14,65.9,Small,632777738.0
738,2020,China,10.2,17.1,1.1,2227,738275078,27.3,9,67.1,Medium,12624503833.800001
739,2021,Indonesia,24.1,7.2,4.7,2718,827751807,8.9,6,31.7,Medium,5959813010.400001
740,2016,China,19.9,1.1,1.9,1034,438565972,30.2,9,56.7,Medium,482422569.20000005
741,2012,'South Africa',10.3,1.5,2.7,2655,1093034759,27.6,5,54.3,Large,1639552138.5
742,2000,Mexico,25.6,3.3,1.0,2370,563852853,11.5,13,63.6,Medium,1860714414.8999999
743,2001,Germany,34.7,4.7,4.4,1504,1377569278,24.9,0,36.9,Large,6474575606.6
744,2008,Canada,27.4,13.5,3.9,2999,108305812,20.0,8,41.8,Small,1462128462.0
745,2002,Russia,27.2,3.6,4.8,1729,1117841407,28.5,2,34.9,Large,4024229065.2000003
746,2000,UK,33.5,2.8,4.1,1539,949007159,31.4,13,61.0,Medium,2657220045.2
747,2020,Argentina,11.1,15.4,2.3,826,210449747,5.4,4,23.8,Small,3240926103.8
748,2015,Russia,22.0,13.6,2.0,1107,61229895,39.2,6,24.4,Small,832726572.0
749,2022,'South Africa',34.4,9.0,3.8,501,455208813,37.1,14,32.4,Medium,4096879317.0
750,2005,Argentina,10.0,11.2,2.5,1533,567420977,21.5,6,23.8,Medium,6355114942.4
751,2016,Indonesia,26.0,6.6,3.3,2981,117179548,7.4,2,43.7,Small,773385016.8
752,2004,India,22.6,9.9,1.0,624,200614447,39.0,14,18.1,Small,1986083025.3
753,2004,Japan,22.6,10.4,1.2,1604,355479880,48.0,3,29.2,Medium,3696990752.0
754,2005,Canada,25.9,8.1,3.1,2361,393359182,15.8,9,64.8,Medium,3186209374.2
755,2002,Australia,32.9,18.2,3.3,1673,790364317,19.6,6,34.6,Medium,14384630569.4
756,2020,Australia,28.5,0.8,4.0,628,1103288537,13.3,7,54.9,Large,882630829.6
757,2022,'South Africa',6.7,15.8,1.5,937,1088137161,31.0,1,16.8,Large,17192567143.8
758,2004,Russia,30.6,2.9,3.1,1250,355055964,12.0,8,24.9,Medium,1029662295.6
759,2020,Australia,11.8,16.1,1.8,1721,977900597,21.0,6,58.4,Medium,15744199611.7
760,2004,Indonesia,16.3,12.5,1.4,2758,802398351,36.4,12,55.8,Medium,10029979387.5
761,2009,UK,18.9,16.9,2.6,1401,809451155,30.2,7,33.2,Medium,13679724519.499998
762,2009,Germany,19.4,2.4,1.7,2592,814653356,22.4,5,67.3,Medium,1955168054.3999999
763,2018,China,18.1,11.4,1.9,1802,792341941,23.9,5,64.6,Medium,9032698127.4
764,2016,Brazil,33.1,10.3,2.3,1933,245823381,30.3,8,67.7,Small,2531980824.3
765,2020,Indonesia,26.2,14.3,2.0,890,378091478,5.3,3,35.7,Medium,5406708135.400001
766,2013,Argentina,23.9,10.9,1.4,1567,537312924,8.5,10,21.8,Medium,5856710871.6
767,2008,France,6.5,11.0,1.4,526,76154255,44.7,10,47.6,Small,837696805.0
768,2013,'South Africa',32.1,8.9,1.8,1047,110285989,8.5,4,51.1,Small,981545302.1
769,2000,India,32.3,6.5,1.2,1066,211473371,36.8,8,17.5,Small,1374576911.5
770,2018,Japan,28.4,9.9,3.5,1203,471260143,46.4,0,57.2,Medium,4665475415.7
771,2012,France,5.2,2.8,2.1,1742,313545957,17.2,3,11.1,Small,877928679.5999999
772,2012,Japan,6.7,19.2,2.1,684,872248030,21.7,6,39.0,Medium,16747162176.0
773,2003,USA,11.8,14.4,2.3,2090,1373223501,30.6,10,29.9,Large,19774418414.4
774,2000,France,8.9,19.1,3.7,2413,178651192,44.7,14,54.4,Small,3412237767.2000003
775,2016,Brazil,17.0,4.9,4.5,1347,1221021496,47.4,8,28.8,Large,5983005330.400001
776,2007,Russia,32.7,17.6,4.0,1098,414805054,38.3,14,59.6,Medium,7300568950.400001
777,2001,Germany,19.2,16.3,3.9,1305,1178735383,8.9,13,45.7,Large,19213386742.9
778,2007,China,5.4,13.7,2.9,1857,115282073,35.1,12,57.6,Small,1579364400.1
779,2006,China,13.5,12.7,3.8,2626,1011298802,23.5,10,69.4,Medium,12843494785.4
780,2001,Germany,6.3,6.7,3.2,2378,1119422832,26.2,11,50.7,Large,7500132974.400001
781,2021,UK,6.1,16.4,1.9,2960,540662250,7.2,12,69.1,Medium,8866860900.0
782,2021,Canada,13.3,10.3,1.8,1045,347844379,13.6,9,11.7,Medium,3582797103.7000003
783,2002,USA,13.3,1.9,2.2,2132,927083911,40.6,5,30.3,Medium,1761459430.8999999
784,2017,Japan,28.6,6.6,4.6,2716,1039025430,25.4,11,16.5,Medium,6857567838.0
785,2011,Brazil,34.2,18.7,3.2,2579,803907356,18.6,7,25.7,Medium,15033067557.199999
786,2000,Australia,16.1,17.1,3.9,2834,753610692,22.3,12,60.3,Medium,12886742833.2
787,2021,France,17.9,19.6,2.4,2426,885256390,43.4,8,11.9,Medium,17351025244.0
788,2011,USA,30.3,12.7,2.6,1116,814540393,38.7,9,41.2,Medium,10344662991.099998
789,2004,Indonesia,13.0,5.3,1.5,2817,1219902888,17.3,3,44.0,Large,6465485306.4
790,2016,'South Africa',9.7,3.7,1.7,1703,542638938,10.3,0,43.7,Medium,2007764070.6000001
791,2015,France,30.6,4.1,4.3,2259,833635961,16.3,13,38.5,Medium,3417907440.1
792,2014,Brazil,6.4,0.9,3.3,725,558731629,46.4,7,57.4,Medium,502858466.1
793,2022,India,23.6,8.1,2.4,1169,1314459009,31.2,1,18.0,Large,10647117972.9
794,2014,India,21.9,4.2,4.2,2263,757754968,29.0,10,28.6,Medium,3182570865.6
795,2004,Argentina,15.4,8.5,2.0,1416,1114422920,31.8,0,46.9,Large,9472594820.0
796,2020,USA,14.5,18.7,4.9,2673,515313114,21.5,12,51.5,Medium,9636355231.8
797,2013,Russia,28.2,8.9,2.4,2621,333480086,41.3,6,34.2,Small,2967972765.4
798,2001,Brazil,7.6,17.6,2.3,1714,552246665,28.5,11,62.5,Medium,9719541304.0
799,2010,Brazil,12.1,12.3,2.2,2205,56127465,10.3,9,34.9,Small,690367819.5
800,2018,Germany,27.0,5.3,1.5,2342,791709171,10.8,8,34.2,Medium,4196058606.2999997
801,2006,Indonesia,21.4,7.4,1.4,2483,454764789,29.2,10,12.2,Medium,3365259438.6000004
802,2005,Russia,8.8,2.1,3.6,555,1344684674,47.1,14,43.1,Large,2823837815.4
803,2001,Indonesia,31.5,7.0,4.5,1219,440187461,18.9,11,52.5,Medium,3081312227.0
804,2005,UK,16.8,13.7,4.2,2579,339256508,44.1,11,16.9,Small,4647814159.599999
805,2017,Japan,29.8,1.9,1.6,1073,1385374585,39.4,8,28.3,Large,2632211711.5
806,2001,Japan,28.6,4.5,3.2,1166,509030277,16.2,2,56.9,Medium,2290636246.5
807,2017,Australia,23.7,7.9,1.4,783,1190249588,6.6,5,32.0,Large,9402971745.2
808,2014,Argentina,19.8,19.6,1.2,2244,1209870465,9.6,6,24.5,Large,23713461114.0
809,2018,China,34.4,15.8,3.6,2734,305046905,37.8,13,50.3,Small,4819741099.0
810,2001,India,9.3,14.8,3.1,997,874069049,14.0,9,21.8,Medium,12936221925.2
811,2019,'South Africa',26.8,2.8,1.3,1965,689862289,21.7,8,63.7,Medium,1931614409.1999998
812,2005,Japan,10.7,15.7,1.1,629,1328981569,27.6,14,16.3,Large,20865010633.3
813,2000,Russia,15.1,15.8,5.0,1138,242436875,37.6,1,52.4,Small,3830502625.0
814,2023,Brazil,14.3,12.2,1.1,2661,743306453,10.1,7,40.0,Medium,9068338726.6
815,2014,'South Africa',33.4,19.8,2.8,2560,1064093028,23.3,13,62.2,Medium,21069041954.4
816,2022,Mexico,34.0,6.8,3.0,2991,1229940655,26.8,6,17.6,Large,8363596454.0
817,2009,Indonesia,10.5,18.9,1.5,2994,1289226003,29.3,3,50.7,Large,24366371456.699997
818,2018,Japan,5.7,18.3,1.7,1485,604216448,41.8,1,44.3,Medium,11057160998.4
819,2016,Brazil,26.6,0.7,2.4,1492,83325440,12.7,7,38.8,Small,58327808.0
820,2004,Japan,17.5,9.3,4.0,2621,1350315792,41.4,10,39.5,Large,12557936865.6
821,2003,India,7.7,19.6,3.0,600,142785204,36.2,4,53.3,Small,2798589998.4
822,2009,Mexico,25.5,2.5,3.6,2723,144553139,30.0,5,66.3,Small,361382847.5
823,2023,France,21.4,11.2,4.9,926,343707677,36.5,13,15.5,Medium,3849525982.3999996
824,2016,Japan,34.4,19.6,4.1,540,902591144,23.5,10,11.2,Medium,17690786422.4
825,2009,UK,11.8,11.3,2.7,928,716127278,11.2,6,58.3,Medium,8092238241.400001
826,2016,Russia,17.1,4.2,2.8,843,1241932098,35.0,14,16.5,Large,5216114811.6
827,2019,Japan,21.3,11.9,3.5,865,912478829,28.6,14,69.2,Medium,10858498065.1
828,2023,China,28.8,4.5,3.7,1108,1180278134,33.8,9,47.2,Large,5311251603.0
829,2004,'South Africa',21.5,10.6,3.0,1227,756443018,20.2,0,49.1,Medium,8018295990.8
830,2001,'South Africa',23.4,1.9,3.6,2776,936138519,45.8,7,21.9,Medium,1778663186.1
831,2005,India,11.8,12.3,1.1,1324,1011963413,31.4,3,24.4,Medium,12447149979.900002
832,2020,Russia,30.4,10.6,2.7,1875,521663999,8.8,12,49.6,Medium,5529638389.4
833,2001,Mexico,17.9,14.9,2.1,1388,207497580,25.2,8,64.6,Small,3091713942.0
834,2012,UK,9.2,12.8,1.5,2543,910306304,39.0,0,68.9,Medium,11651920691.2
835,2010,Germany,24.9,11.2,1.4,1841,63908951,40.7,10,21.9,Small,715780251.1999999
836,2010,Russia,11.5,14.0,3.4,1796,620506174,27.3,1,18.0,Medium,8687086436.0
837,2015,'South Africa',7.9,3.3,3.1,616,1113296994,45.3,13,13.4,Large,3673880080.2
838,2010,China,30.9,12.1,2.0,2915,3660891,17.0,5,62.1,Small,44296781.1
839,2018,France,18.8,3.9,2.9,1617,955697187,23.5,10,27.7,Medium,3727219029.2999997
840,2014,India,27.5,18.5,3.0,667,894808615,45.4,9,10.1,Medium,16553959377.5
841,2022,Germany,13.7,1.8,1.8,2238,630704719,45.3,10,23.4,Medium,1135268494.2
842,2022,China,28.6,8.9,3.6,1864,1090719866,35.9,13,30.4,Large,9707406807.4
843,2015,Mexico,8.4,14.1,4.1,1194,627755536,43.7,0,69.5,Medium,8851353057.6
844,2010,Indonesia,15.7,9.4,4.2,1424,1089256242,9.0,3,41.4,Large,10239008674.800001
845,2021,Mexico,34.3,2.3,3.4,651,1001208309,43.9,7,22.3,Medium,2302779110.7
846,2015,China,28.8,11.3,3.0,1085,674280911,19.4,14,30.1,Medium,7619374294.3
847,2007,Indonesia,19.9,13.0,1.2,1412,318523214,13.0,9,29.8,Small,4140801782.0
848,2003,USA,15.2,14.2,2.2,2821,788823352,15.8,4,11.2,Medium,11201291598.4
849,2007,India,31.2,7.8,1.4,2077,403372362,23.8,12,18.1,Medium,3146304423.6
850,2003,Russia,21.3,11.5,4.9,995,1095475598,16.3,8,51.7,Large,12597969377.0
851,2023,Indonesia,27.8,9.3,1.5,2648,1330131634,19.4,10,17.2,Large,12370224196.2
852,2002,Argentina,27.6,13.6,1.6,1056,711474124,11.1,10,23.8,Medium,9676048086.4
853,2002,Indonesia,5.5,11.9,4.6,1605,10978954,18.3,5,31.0,Small,130649552.60000001
854,2017,Brazil,8.8,10.8,4.8,2052,1256199697,30.8,0,55.5,Large,13566956727.6
855,2018,France,24.8,5.4,4.1,2620,1267230374,24.9,5,44.9,Large,6843044019.6
856,2018,Brazil,9.8,0.5,1.0,656,239135473,20.6,5,51.3,Small,119567736.5
857,2020,Russia,12.7,3.9,1.0,1234,278429462,38.6,12,44.0,Small,1085874901.8
858,2004,Russia,33.4,2.8,2.5,2679,1084717946,45.2,5,51.0,Large,3037210248.7999997
859,2017,India,21.8,9.3,1.6,1927,1113231627,39.1,7,10.2,Large,10353054131.1
860,2009,Russia,27.5,12.4,1.1,1058,1142110790,19.9,14,65.9,Large,14162173796.0
861,2021,'South Africa',21.7,4.7,2.9,2654,845679328,38.5,5,16.7,Medium,3974692841.6000004
862,2020,Indonesia,21.6,18.8,4.8,2812,445421988,11.8,4,34.4,Medium,8373933374.400001
863,2005,Indonesia,7.8,0.6,2.3,654,673431694,10.9,14,56.3,Medium,404059016.4
864,2000,USA,15.3,15.6,3.6,1496,884137537,20.6,10,36.1,Medium,13792545577.199999
865,2004,Germany,13.5,12.7,3.6,2794,489265598,41.3,1,66.8,Medium,6213673094.599999
866,2008,Russia,16.7,7.8,2.0,1030,725773318,16.1,3,38.1,Medium,5661031880.4
867,2011,Brazil,29.0,1.5,3.6,2471,959148511,7.8,13,62.5,Medium,1438722766.5
868,2013,Russia,16.2,12.7,1.8,1228,197145427,10.9,14,58.6,Small,2503746922.9
869,2001,Mexico,18.6,8.0,1.5,1677,791167156,43.6,9,68.9,Medium,6329337248.0
870,2016,USA,16.9,18.8,3.8,653,818022751,33.5,4,65.6,Medium,15378827718.800001
871,2013,'South Africa',7.8,11.1,1.5,591,760436315,16.4,9,63.9,Medium,8440843096.5
872,2012,'South Africa',18.2,18.8,5.0,2885,90703756,30.0,3,53.9,Small,1705230612.8
873,2008,Japan,10.9,4.8,1.7,2003,1296305728,28.7,1,32.0,Large,6222267494.4
874,2014,Indonesia,10.6,14.7,3.4,2216,809753207,34.5,6,16.4,Medium,11903372142.9
875,2021,'South Africa',7.8,12.5,2.6,2997,306103394,15.5,9,51.3,Small,3826292425.0
876,2014,Indonesia,15.7,14.9,1.5,2516,1305532079,43.9,9,68.7,Large,19452427977.100002
877,2023,Japan,27.7,4.7,1.1,1286,1368121693,18.9,1,53.6,Large,6430171957.1
878,2010,China,13.3,13.5,3.5,772,400506741,36.2,0,65.7,Medium,5406841003.5
879,2015,France,14.4,10.2,4.2,2527,618908216,5.7,13,58.3,Medium,6312863803.2
880,2016,Australia,24.3,15.0,4.4,676,321328118,21.8,4,19.8,Small,4819921770.0
881,2003,UK,10.9,6.9,2.9,1142,450513176,20.8,11,25.0,Medium,3108540914.4
882,2000,'South Africa',31.9,17.9,4.1,2398,64497807,29.5,12,30.5,Small,1154510745.3
883,2007,Germany,20.6,2.1,3.7,1066,57953426,8.3,0,20.1,Small,121702194.60000001
884,2016,Mexico,18.4,16.2,3.9,1165,1270499456,40.6,0,44.9,Large,20582091187.2
885,2002,Canada,21.7,17.3,3.0,1831,461516676,14.8,14,68.5,Medium,7984238494.8
886,2019,China,10.0,16.4,3.5,2298,608237759,35.5,0,55.7,Medium,9975099247.599998
887,2014,'South Africa',23.4,10.5,4.2,1569,560722005,41.1,5,35.4,Medium,5887581052.5
888,2014,Indonesia,15.9,9.0,2.6,2849,617022634,30.3,8,10.3,Medium,5553203706.0
889,2023,France,31.9,19.9,4.2,907,1004488364,38.3,9,28.8,Medium,19989318443.6
890,2021,Japan,10.1,5.0,3.4,1712,847894451,34.8,12,41.6,Medium,4239472255.0
891,2013,Brazil,20.2,11.2,1.7,2353,420231924,21.0,10,29.5,Medium,4706597548.799999
892,2022,UK,22.9,13.6,1.1,1652,194197411,41.4,11,16.7,Small,2641084789.6
893,2013,Canada,6.0,14.2,2.5,1641,717609187,18.3,0,36.6,Medium,10190050455.4
894,2023,France,15.9,4.5,3.2,643,373729923,30.7,4,25.2,Medium,1681784653.5
895,2001,France,27.0,13.3,4.4,2989,1018260723,38.5,14,64.6,Medium,13542867615.900002
896,2012,'South Africa',29.6,16.5,1.5,986,1381708532,22.1,8,16.1,Large,22798190778.0
897,2013,China,14.4,1.5,4.2,1359,709386257,18.6,13,12.9,Medium,1064079385.5
898,2023,Argentina,29.0,18.3,4.5,2435,536217615,25.7,8,10.3,Medium,9812782354.5
899,2018,Canada,34.0,1.1,1.6,647,670245096,41.8,0,29.7,Medium,737269605.6
900,2006,UK,30.7,7.4,4.4,1859,161097813,46.8,7,49.6,Small,1192123816.2
901,2002,India,8.5,0.8,5.0,1857,986237569,29.5,0,53.8,Medium,788990055.2
902,2014,Australia,27.2,2.0,3.9,589,761742932,34.8,14,37.2,Medium,1523485864.0
903,2022,India,14.6,18.3,4.1,1857,938604707,45.6,7,51.1,Medium,17176466138.1
904,2013,Argentina,34.7,7.4,5.0,698,785566655,9.4,0,31.6,Medium,5813193247.0
905,2010,Indonesia,19.6,8.8,3.4,1037,235905387,15.4,11,50.1,Small,2075967405.6000001
906,2014,Indonesia,8.7,4.7,2.2,800,553908390,36.9,4,12.4,Medium,2603369433.0
907,2012,Mexico,26.8,12.1,4.4,1223,76892270,42.1,7,33.4,Small,930396467.0
908,2017,Canada,14.7,12.1,3.5,2098,1143896678,43.6,5,57.5,Large,13841149803.8
909,2005,India,34.9,7.8,3.3,1959,442386268,23.7,8,58.2,Medium,3450612890.4
910,2002,Indonesia,34.4,7.0,2.0,567,168531317,9.0,0,53.0,Small,1179719219.0
911,2018,Argentina,24.7,17.8,4.0,2037,740582553,24.7,8,22.3,Medium,13182369443.4
912,2014,'South Africa',8.9,8.0,1.3,897,46184187,15.4,0,24.8,Small,369473496.0
913,2022,USA,25.6,10.1,4.7,1119,299488478,18.1,9,69.8,Small,3024833627.7999997
914,2004,Japan,7.8,6.0,2.3,2084,604837682,39.8,9,16.2,Medium,3629026092.0
915,2009,USA,5.9,15.8,1.5,1663,703726244,8.4,2,20.8,Medium,11118874655.2
916,2006,Russia,29.7,8.3,2.8,1229,788798529,42.2,0,17.8,Medium,6547027790.700001
917,2016,UK,11.3,10.5,1.2,1055,824678707,24.2,2,29.7,Medium,8659126423.5
918,2006,India,16.4,5.4,3.7,2452,30380783,31.8,11,22.6,Small,164056228.20000002
919,2021,Mexico,34.2,19.8,4.6,2251,749585197,9.0,10,39.9,Medium,14841786900.6
920,2011,Russia,15.1,6.2,4.3,2829,798368160,20.2,12,38.6,Medium,4949882592.0
921,2016,Indonesia,13.9,15.5,1.5,1495,972853753,9.0,1,64.1,Medium,15079233171.5
922,2012,Brazil,32.5,8.8,1.5,2459,802778534,48.3,1,12.1,Medium,7064451099.200001
923,2019,Germany,8.3,4.5,4.3,2101,567106041,41.3,8,29.2,Medium,2551977184.5
924,2003,Brazil,27.8,16.1,4.7,1980,1047317550,25.7,7,45.8,Medium,16861812555.000002
925,2009,Argentina,34.6,7.0,2.8,2634,1283287571,15.1,0,46.3,Large,8983012997.0
926,2002,Canada,32.0,17.4,3.0,1602,1182222401,47.0,11,38.8,Large,20570669777.399998
927,2008,France,24.6,18.3,2.3,2851,460686642,20.5,13,58.9,Medium,8430565548.6
928,2012,Japan,14.4,17.3,4.6,1903,961408872,12.2,3,13.8,Medium,16632373485.6
929,2017,India,12.6,1.2,3.6,2677,1206594322,30.3,12,58.9,Large,1447913186.3999999
930,2014,UK,29.6,15.9,2.2,1799,1362964625,47.5,0,39.7,Large,21671137537.5
931,2003,Mexico,31.4,8.5,2.2,2222,562074315,5.2,0,18.0,Medium,4777631677.5
932,2014,Mexico,20.8,17.5,4.6,1398,936223565,15.7,11,63.1,Medium,16383912387.5
933,2021,UK,12.3,12.9,1.1,1706,337303115,47.2,11,49.0,Small,4351210183.5
934,2001,Argentina,8.4,16.8,2.3,2035,1334032802,12.7,3,19.8,Large,22411751073.600002
935,2014,China,7.6,10.2,3.2,577,316387268,10.1,1,12.0,Small,3227150133.6
936,2007,Indonesia,26.6,10.9,1.6,2032,1126838160,30.7,2,18.5,Large,12282535944.0
937,2007,Germany,17.6,3.3,1.4,737,423388217,43.8,10,46.5,Medium,1397181116.1
938,2016,Australia,32.2,15.8,4.3,1657,751679888,26.5,8,20.8,Medium,11876542230.4
939,2011,Australia,27.2,8.7,4.6,2496,1028924329,49.8,1,23.5,Medium,8951641662.3
940,2018,Australia,10.7,10.3,4.3,1715,1020760264,35.6,3,11.5,Medium,10513830719.2
941,2009,India,23.4,15.8,4.6,777,534063088,8.3,0,53.4,Medium,8438196790.400001
942,2008,Australia,18.1,12.2,3.2,1023,1086928352,49.7,1,58.6,Large,13260525894.4
943,2004,'South Africa',22.3,4.4,4.2,679,289985187,23.4,4,57.8,Small,1275934822.8000002
944,2005,USA,27.1,12.0,2.5,622,1152039496,17.9,13,17.7,Large,13824473952.0
945,2019,Mexico,29.2,8.4,3.7,1769,1166786685,30.1,9,64.2,Large,9801008154.0
946,2001,Germany,30.3,9.7,5.0,2257,16901724,18.7,14,50.3,Small,163946722.79999998
947,2023,USA,12.6,1.1,1.9,1594,572998076,8.9,0,63.9,Medium,630297883.6
948,2012,France,5.9,4.6,2.6,979,699195057,5.1,10,36.8,Medium,3216297262.2
949,2005,Germany,27.2,6.0,2.9,2297,950422541,25.2,6,36.2,Medium,5702535246.0
950,2004,USA,8.2,14.4,1.6,2631,1105460942,42.7,3,57.1,Large,15918637564.800001
951,2000,Germany,14.4,0.7,1.3,2904,1357011909,30.8,5,15.6,Large,949908336.3
952,2020,France,5.1,8.5,4.3,1315,943264951,50.0,7,41.3,Medium,8017752083.5
953,2021,Russia,25.5,18.5,4.9,942,1252394217,17.9,12,60.2,Large,23169293014.5
954,2020,'South Africa',10.0,2.7,2.6,642,121780956,17.6,5,59.8,Small,328808581.20000005
955,2005,India,24.7,10.6,1.4,691,776502158,12.2,13,67.4,Medium,8230922874.8
956,2005,India,34.8,15.8,1.3,1910,1287584579,12.4,1,51.9,Large,20343836348.2
957,2022,Argentina,7.2,18.9,4.6,877,545401489,17.8,0,22.5,Medium,10308088142.099998
958,2015,UK,7.3,15.1,2.9,1034,628479992,40.7,7,11.2,Medium,9490047879.199999
959,2003,Indonesia,15.2,14.6,2.3,2216,411423216,45.8,7,38.8,Medium,6006778953.599999
960,2010,Mexico,31.0,16.6,2.9,1532,1388289771,48.9,8,40.8,Large,23045610198.600002
961,2023,Australia,11.5,9.2,2.3,1910,1010451727,15.5,5,24.4,Medium,9296155888.4
962,2022,'South Africa',15.8,16.2,3.0,2640,655042381,44.7,11,17.5,Medium,10611686572.199999
963,2008,Brazil,7.1,0.7,4.4,2489,413504125,19.8,0,45.2,Medium,289452887.5
964,2022,Australia,27.9,18.5,3.4,1677,748156329,10.1,13,55.9,Medium,13840892086.5
965,2002,Indonesia,17.2,9.1,3.8,904,462496639,44.2,8,69.6,Medium,4208719414.8999996
966,2018,Mexico,27.8,11.3,2.5,1672,199412389,33.6,11,55.5,Small,2253359995.7000003
967,2007,Canada,32.1,5.5,4.0,1388,73639916,12.4,12,57.6,Small,405019538.0
968,2004,Indonesia,12.0,15.0,3.7,921,342865321,24.3,14,47.0,Small,5142979815.0
969,2003,'South Africa',29.2,2.0,1.5,2141,1159052094,17.9,13,69.2,Large,2318104188.0
970,2023,USA,6.8,17.5,3.3,971,762718291,38.2,2,48.4,Medium,13347570092.5
971,2005,Germany,32.0,16.6,2.0,1046,1374002297,25.4,10,61.6,Large,22808438130.2
972,2001,UK,24.5,4.7,4.2,1130,31249071,49.5,5,66.7,Small,146870633.70000002
973,2019,UK,31.2,16.3,2.7,1537,1313095544,7.5,9,65.8,Large,21403457367.2
974,2010,Brazil,5.0,15.8,5.0,2329,909090341,21.0,12,32.9,Medium,14363627387.800001
975,2003,'South Africa',10.1,12.8,1.4,863,330834956,26.7,9,14.7,Small,4234687436.8
976,2014,France,16.7,7.8,4.1,2666,1139899651,27.6,14,20.3,Large,8891217277.8
977,2005,Canada,16.4,5.8,3.7,1045,700477453,19.2,10,13.6,Medium,4062769227.4
978,2021,France,11.8,5.0,4.1,1133,769315232,37.8,11,16.3,Medium,3846576160.0
979,2016,India,16.4,6.7,2.2,2436,1018037875,44.4,13,21.1,Medium,6820853762.5
980,2023,Argentina,8.9,18.1,3.0,2180,361616455,47.2,14,30.5,Medium,6545257835.500001
981,2005,India,17.4,2.0,4.2,1462,13350251,41.2,8,42.6,Small,26700502.0
982,2018,Indonesia,29.1,16.7,1.9,1382,1160732321,43.3,10,52.7,Large,19384229760.7
983,2001,Australia,19.4,7.3,1.9,1370,1268489003,29.8,12,22.7,Large,9259969721.9
984,2014,USA,5.5,10.7,3.2,1015,560097732,42.2,2,50.4,Medium,5993045732.4
985,2010,Brazil,17.6,16.0,3.1,1920,584023989,18.7,4,52.3,Medium,9344383824.0
986,2007,Indonesia,5.8,17.7,2.1,1365,266267433,22.9,12,43.5,Small,4712933564.099999
987,2018,Japan,34.0,7.2,2.2,2653,704210527,19.3,13,64.2,Medium,5070315794.400001
988,2012,Canada,8.8,9.5,2.1,1608,1007525728,26.0,4,16.7,Medium,9571494416.0
989,2011,UK,26.2,8.6,4.1,713,1287012541,17.9,9,20.6,Large,11068307852.6
990,2004,Canada,34.2,0.8,3.6,2744,94344322,48.3,6,35.7,Small,75475457.60000001
991,2005,Indonesia,29.8,6.3,4.3,518,431162461,19.1,3,17.6,Medium,2716323504.2999997
992,2021,Indonesia,26.0,9.5,4.9,1141,916703921,9.4,10,44.0,Medium,8708687249.5
993,2003,'South Africa',30.2,8.5,2.9,1604,1168018187,28.7,3,33.9,Large,9928154589.5
994,2018,Australia,34.5,14.6,1.3,829,1211016796,7.6,6,27.1,Large,17680845221.6
995,2019,India,23.6,8.0,1.2,1365,1358019778,10.0,8,20.2,Large,10864158224.0
996,2000,UK,21.8,10.0,2.2,1273,876123161,14.9,14,30.1,Medium,8761231610.0
997,2019,Argentina,23.8,8.9,4.7,891,1120533308,25.9,10,46.5,Large,9972746441.2
998,2016,Australia,21.0,14.9,3.1,1136,380662109,24.5,3,44.5,Medium,5671865424.1
999,2011,Germany,24.1,17.3,2.1,2854,398407112,41.0,3,19.8,Medium,6892443037.6
